1297	53	0	150	0.1	1.0	admixture	phlag_dto_eap01_ena4_esp001_ex_ancestral	N546	025	N532	N567
1347	3	0	150	0.1	1.0	admixture	phlag_dto_eap01_ena4_esp001_ex_derived	N546	025	N532	N567
1207	143	106	44	0.1	1.0	admixture	phlag_dto_eap01_ena4_esp001_ancestral	N546	025	N532	N567
1344	6	2	148	0.1	1.0	admixture	phlag_dto_eap01_ena4_esp001_derived	N546	025	N532	N567
1006	464	17	13	0.02	1.0	admixture	phlag_dto_eap01_ena4_esp001_ex_ancestral	Strigiformes	050	N349	N299
1049	421	30	0	0.02	1.0	admixture	phlag_dto_eap01_ena4_esp001_ex_derived	Strigiformes	050	N349	N299
1404	66	30	0	0.02	1.0	admixture	phlag_dto_eap01_ena4_esp001_ancestral	Strigiformes	050	N349	N299
1092	378	0	30	0.02	1.0	admixture	phlag_dto_eap01_ena4_esp001_derived	Strigiformes	050	N349	N299
1154	196	46	104	0.1	1.0	admixture	phlag_dto_eap01_ena4_esp001_ex_ancestral	Columbiformes	050	Mesitornisunicolor	N93
1346	4	6	144	0.1	1.0	admixture	phlag_dto_eap01_ena4_esp001_ex_derived	Columbiformes	050	Mesitornisunicolor	N93
1349	1	0	150	0.1	1.0	admixture	phlag_dto_eap01_ena4_esp001_ancestral	Columbiformes	050	Mesitornisunicolor	N93
1350	0	150	0	0.1	1.0	admixture	phlag_dto_eap01_ena4_esp001_derived	Columbiformes	050	Mesitornisunicolor	N93
1101	249	88	62	0.1	1.0	admixture	phlag_dto_eap01_ena4_esp001_ex_ancestral	Coraciiformes	050	Bucerotiformes	Piciformes
1308	42	0	150	0.1	1.0	admixture	phlag_dto_eap01_ena4_esp001_ex_derived	Coraciiformes	050	Bucerotiformes	Piciformes
1203	147	150	0	0.1	1.0	admixture	phlag_dto_eap01_ena4_esp001_ancestral	Coraciiformes	050	Bucerotiformes	Piciformes
1350	0	150	0	0.1	1.0	admixture	phlag_dto_eap01_ena4_esp001_derived	Coraciiformes	050	Bucerotiformes	Piciformes
983	487	20	10	0.02	1.0	admixture	phlag_dto_eap01_ena4_esp001_ex_ancestral	Musophagiformes	025	N83	N118
1470	0	30	0	0.02	1.0	admixture	phlag_dto_eap01_ena4_esp001_ex_derived	Musophagiformes	025	N83	N118
1226	244	30	0	0.02	1.0	admixture	phlag_dto_eap01_ena4_esp001_ancestral	Musophagiformes	025	N83	N118
1470	0	30	0	0.02	1.0	admixture	phlag_dto_eap01_ena4_esp001_derived	Musophagiformes	025	N83	N118
908	442	96	54	0.1	1.0	admixture	phlag_dto_eap01_ena4_esp001_ex_ancestral	Musophagiformes	050	N83	N118
1058	292	0	150	0.1	1.0	admixture	phlag_dto_eap01_ena4_esp001_ex_derived	Musophagiformes	050	N83	N118
1256	94	150	0	0.1	1.0	admixture	phlag_dto_eap01_ena4_esp001_ancestral	Musophagiformes	050	N83	N118
1350	0	150	0	0.1	1.0	admixture	phlag_dto_eap01_ena4_esp001_derived	Musophagiformes	050	N83	N118
663	612	147	78	0.15	1.0	admixture	phlag_dto_eap01_ena4_esp001_ex_ancestral	N251	050	N269	N242
1017	258	225	0	0.15	1.0	admixture	phlag_dto_eap01_ena4_esp001_ex_derived	N251	050	N269	N242
621	654	225	0	0.15	1.0	admixture	phlag_dto_eap01_ena4_esp001_ancestral	N251	050	N269	N242
1218	57	225	0	0.15	1.0	admixture	phlag_dto_eap01_ena4_esp001_derived	N251	050	N269	N242
1259	211	0	30	0.02	1.0	admixture	phlag_dto_eap01_ena4_esp001_ex_ancestral	N546	050	N532	N567
1468	2	0	30	0.02	1.0	admixture	phlag_dto_eap01_ena4_esp001_ex_derived	N546	050	N532	N567
992	478	0	30	0.02	1.0	admixture	phlag_dto_eap01_ena4_esp001_ancestral	N546	050	N532	N567
1217	253	30	0	0.02	1.0	admixture	phlag_dto_eap01_ena4_esp001_derived	N546	050	N532	N567
1200	0	0	300	0.2	1.0	admixture	phlag_dto_eap01_ena4_esp001_ex_ancestral	N125	025	Cuculiformes	Charadriiformes
1200	0	0	300	0.2	1.0	admixture	phlag_dto_eap01_ena4_esp001_ex_derived	N125	025	Cuculiformes	Charadriiformes
1171	29	0	300	0.2	1.0	admixture	phlag_dto_eap01_ena4_esp001_ancestral	N125	025	Cuculiformes	Charadriiformes
1200	0	300	0	0.2	1.0	admixture	phlag_dto_eap01_ena4_esp001_derived	N125	025	Cuculiformes	Charadriiformes
954	471	50	25	0.05	1.0	admixture	phlag_dto_eap01_ena4_esp001_ex_ancestral	Musophagiformes	050	N83	N118
1425	0	75	0	0.05	1.0	admixture	phlag_dto_eap01_ena4_esp001_ex_derived	Musophagiformes	050	N83	N118
1331	94	75	0	0.05	1.0	admixture	phlag_dto_eap01_ena4_esp001_ancestral	Musophagiformes	050	N83	N118
1425	0	75	0	0.05	1.0	admixture	phlag_dto_eap01_ena4_esp001_derived	Musophagiformes	050	N83	N118
1125	0	42	333	0.25	1.0	admixture	phlag_dto_eap01_ena4_esp001_ex_ancestral	Coraciiformes	025	Bucerotiformes	Piciformes
1125	0	34	341	0.25	1.0	admixture	phlag_dto_eap01_ena4_esp001_ex_derived	Coraciiformes	025	Bucerotiformes	Piciformes
1111	14	89	286	0.25	1.0	admixture	phlag_dto_eap01_ena4_esp001_ancestral	Coraciiformes	025	Bucerotiformes	Piciformes
1125	0	21	354	0.25	1.0	admixture	phlag_dto_eap01_ena4_esp001_derived	Coraciiformes	025	Bucerotiformes	Piciformes
671	604	116	109	0.15	1.0	admixture	phlag_dto_eap01_ena4_esp001_ex_ancestral	Strigiformes	050	N349	N299
869	406	225	0	0.15	1.0	admixture	phlag_dto_eap01_ena4_esp001_ex_derived	Strigiformes	050	N349	N299
1133	142	212	13	0.15	1.0	admixture	phlag_dto_eap01_ena4_esp001_ancestral	Strigiformes	050	N349	N299
867	408	225	0	0.15	1.0	admixture	phlag_dto_eap01_ena4_esp001_derived	Strigiformes	050	N349	N299
1071	354	66	9	0.05	1.0	admixture	phlag_dto_eap01_ena4_esp001_ex_ancestral	Caprimulgiformes1	050	N220	N202
833	592	75	0	0.05	1.0	admixture	phlag_dto_eap01_ena4_esp001_ex_derived	Caprimulgiformes1	050	N220	N202
953	472	0	75	0.05	1.0	admixture	phlag_dto_eap01_ena4_esp001_ancestral	Caprimulgiformes1	050	N220	N202
1379	46	75	0	0.05	1.0	admixture	phlag_dto_eap01_ena4_esp001_derived	Caprimulgiformes1	050	N220	N202
991	479	0	30	0.02	1.0	admixture	phlag_dto_eap01_ena4_esp001_ex_ancestral	N689	050	N657	N672
1020	450	0	30	0.02	1.0	admixture	phlag_dto_eap01_ena4_esp001_ex_derived	N689	050	N657	N672
1096	374	30	0	0.02	1.0	admixture	phlag_dto_eap01_ena4_esp001_ancestral	N689	050	N657	N672
1470	0	30	0	0.02	1.0	admixture	phlag_dto_eap01_ena4_esp001_derived	N689	050	N657	N672
733	467	208	92	0.2	1.0	admixture	phlag_dto_eap01_ena4_esp001_ex_ancestral	N251	050	N269	N242
1093	107	300	0	0.2	1.0	admixture	phlag_dto_eap01_ena4_esp001_ex_derived	N251	050	N269	N242
582	618	300	0	0.2	1.0	admixture	phlag_dto_eap01_ena4_esp001_ancestral	N251	050	N269	N242
1078	122	300	0	0.2	1.0	admixture	phlag_dto_eap01_ena4_esp001_derived	N251	050	N269	N242
1095	180	84	141	0.15	1.0	admixture	phlag_dto_eap01_ena4_esp001_ex_ancestral	Columbiformes	050	Mesitornisunicolor	N93
1272	3	0	225	0.15	1.0	admixture	phlag_dto_eap01_ena4_esp001_ex_derived	Columbiformes	050	Mesitornisunicolor	N93
1275	0	6	219	0.15	1.0	admixture	phlag_dto_eap01_ena4_esp001_ancestral	Columbiformes	050	Mesitornisunicolor	N93
1275	0	225	0	0.15	1.0	admixture	phlag_dto_eap01_ena4_esp001_derived	Columbiformes	050	Mesitornisunicolor	N93
1297	173	1	29	0.02	1.0	admixture	phlag_dto_eap01_ena4_esp001_ex_ancestral	N689	025	N657	N672
939	531	0	30	0.02	1.0	admixture	phlag_dto_eap01_ena4_esp001_ex_derived	N689	025	N657	N672
1328	142	30	0	0.02	1.0	admixture	phlag_dto_eap01_ena4_esp001_ancestral	N689	025	N657	N672
1470	0	30	0	0.02	1.0	admixture	phlag_dto_eap01_ena4_esp001_derived	N689	025	N657	N672
1045	425	23	7	0.02	1.0	admixture	phlag_dto_eap01_ena4_esp001_ex_ancestral	Columbiformes	025	Mesitornisunicolor	N93
1266	204	30	0	0.02	1.0	admixture	phlag_dto_eap01_ena4_esp001_ex_derived	Columbiformes	025	Mesitornisunicolor	N93
1376	94	30	0	0.02	1.0	admixture	phlag_dto_eap01_ena4_esp001_ancestral	Columbiformes	025	Mesitornisunicolor	N93
1470	0	30	0	0.02	1.0	admixture	phlag_dto_eap01_ena4_esp001_derived	Columbiformes	025	Mesitornisunicolor	N93
821	304	1	374	0.25	1.0	admixture	phlag_dto_eap01_ena4_esp001_ex_ancestral	Caprimulgiformes1	025	N220	N202
919	206	0	375	0.25	1.0	admixture	phlag_dto_eap01_ena4_esp001_ex_derived	Caprimulgiformes1	025	N220	N202
1025	100	131	244	0.25	1.0	admixture	phlag_dto_eap01_ena4_esp001_ancestral	Caprimulgiformes1	025	N220	N202
969	156	306	69	0.25	1.0	admixture	phlag_dto_eap01_ena4_esp001_derived	Caprimulgiformes1	025	N220	N202
756	369	250	125	0.25	1.0	admixture	phlag_dto_eap01_ena4_esp001_ex_ancestral	Strigiformes	025	N349	N299
1071	54	354	21	0.25	1.0	admixture	phlag_dto_eap01_ena4_esp001_ex_derived	Strigiformes	025	N349	N299
1025	100	362	13	0.25	1.0	admixture	phlag_dto_eap01_ena4_esp001_ancestral	Strigiformes	025	N349	N299
717	408	375	0	0.25	1.0	admixture	phlag_dto_eap01_ena4_esp001_derived	Strigiformes	025	N349	N299
592	533	374	1	0.25	1.0	admixture	phlag_dto_eap01_ena4_esp001_ex_ancestral	Caprimulgiformes1	050	N220	N202
1125	0	98	277	0.25	1.0	admixture	phlag_dto_eap01_ena4_esp001_ex_derived	Caprimulgiformes1	050	N220	N202
1109	16	27	348	0.25	1.0	admixture	phlag_dto_eap01_ena4_esp001_ancestral	Caprimulgiformes1	050	N220	N202
889	236	45	330	0.25	1.0	admixture	phlag_dto_eap01_ena4_esp001_derived	Caprimulgiformes1	050	N220	N202
804	621	49	26	0.05	1.0	admixture	phlag_dto_eap01_ena4_esp001_ex_ancestral	Caprimulgiformes1	025	N220	N202
934	491	50	25	0.05	1.0	admixture	phlag_dto_eap01_ena4_esp001_ex_derived	Caprimulgiformes1	025	N220	N202
1355	70	75	0	0.05	1.0	admixture	phlag_dto_eap01_ena4_esp001_ancestral	Caprimulgiformes1	025	N220	N202
1425	0	12	63	0.05	1.0	admixture	phlag_dto_eap01_ena4_esp001_derived	Caprimulgiformes1	025	N220	N202
1029	171	121	179	0.2	1.0	admixture	phlag_dto_eap01_ena4_esp001_ex_ancestral	Columbiformes	050	Mesitornisunicolor	N93
1193	7	11	289	0.2	1.0	admixture	phlag_dto_eap01_ena4_esp001_ex_derived	Columbiformes	050	Mesitornisunicolor	N93
1193	7	10	290	0.2	1.0	admixture	phlag_dto_eap01_ena4_esp001_ancestral	Columbiformes	050	Mesitornisunicolor	N93
1200	0	300	0	0.2	1.0	admixture	phlag_dto_eap01_ena4_esp001_derived	Columbiformes	050	Mesitornisunicolor	N93
1024	251	128	97	0.15	1.0	admixture	phlag_dto_eap01_ena4_esp001_ex_ancestral	Coraciiformes	050	Bucerotiformes	Piciformes
1265	10	43	182	0.15	1.0	admixture	phlag_dto_eap01_ena4_esp001_ex_derived	Coraciiformes	050	Bucerotiformes	Piciformes
1275	0	107	118	0.15	1.0	admixture	phlag_dto_eap01_ena4_esp001_ancestral	Coraciiformes	050	Bucerotiformes	Piciformes
1235	40	16	209	0.15	1.0	admixture	phlag_dto_eap01_ena4_esp001_derived	Coraciiformes	050	Bucerotiformes	Piciformes
816	534	97	53	0.1	1.0	admixture	phlag_dto_eap01_ena4_esp001_ex_ancestral	N251	025	N269	N242
1095	255	150	0	0.1	1.0	admixture	phlag_dto_eap01_ena4_esp001_ex_derived	N251	025	N269	N242
911	439	150	0	0.1	1.0	admixture	phlag_dto_eap01_ena4_esp001_ancestral	N251	025	N269	N242
1131	219	150	0	0.1	1.0	admixture	phlag_dto_eap01_ena4_esp001_derived	N251	025	N269	N242
891	309	225	75	0.2	1.0	admixture	phlag_dto_eap01_ena4_esp001_ex_ancestral	Opisthocomushoazin	025	N275	N192
901	299	83	217	0.2	1.0	admixture	phlag_dto_eap01_ena4_esp001_ex_derived	Opisthocomushoazin	025	N275	N192
1028	172	300	0	0.2	1.0	admixture	phlag_dto_eap01_ena4_esp001_ancestral	Opisthocomushoazin	025	N275	N192
1148	52	300	0	0.2	1.0	admixture	phlag_dto_eap01_ena4_esp001_derived	Opisthocomushoazin	025	N275	N192
1350	0	4	146	0.1	1.0	admixture	phlag_dto_eap01_ena4_esp001_ex_ancestral	N125	050	Cuculiformes	Charadriiformes
1350	0	0	150	0.1	1.0	admixture	phlag_dto_eap01_ena4_esp001_ex_derived	N125	050	Cuculiformes	Charadriiformes
1350	0	150	0	0.1	1.0	admixture	phlag_dto_eap01_ena4_esp001_ancestral	N125	050	Cuculiformes	Charadriiformes
1350	0	150	0	0.1	1.0	admixture	phlag_dto_eap01_ena4_esp001_derived	N125	050	Cuculiformes	Charadriiformes
863	562	50	25	0.05	1.0	admixture	phlag_dto_eap01_ena4_esp001_ex_ancestral	N251	025	N269	N242
844	581	75	0	0.05	1.0	admixture	phlag_dto_eap01_ena4_esp001_ex_derived	N251	025	N269	N242
1037	388	75	0	0.05	1.0	admixture	phlag_dto_eap01_ena4_esp001_ancestral	N251	025	N269	N242
1206	219	75	0	0.05	1.0	admixture	phlag_dto_eap01_ena4_esp001_derived	N251	025	N269	N242
1001	274	225	0	0.15	1.0	admixture	phlag_dto_eap01_ena4_esp001_ex_ancestral	Falconiformes	025	Accipitriformes	N717
1118	157	96	129	0.15	1.0	admixture	phlag_dto_eap01_ena4_esp001_ex_derived	Falconiformes	025	Accipitriformes	N717
1077	198	225	0	0.15	1.0	admixture	phlag_dto_eap01_ena4_esp001_ancestral	Falconiformes	025	Accipitriformes	N717
1275	0	225	0	0.15	1.0	admixture	phlag_dto_eap01_ena4_esp001_derived	Falconiformes	025	Accipitriformes	N717
970	455	51	24	0.05	1.0	admixture	phlag_dto_eap01_ena4_esp001_ex_ancestral	Strigiformes	025	N349	N299
834	591	75	0	0.05	1.0	admixture	phlag_dto_eap01_ena4_esp001_ex_derived	Strigiformes	025	N349	N299
1359	66	75	0	0.05	1.0	admixture	phlag_dto_eap01_ena4_esp001_ancestral	Strigiformes	025	N349	N299
1425	0	75	0	0.05	1.0	admixture	phlag_dto_eap01_ena4_esp001_derived	Strigiformes	025	N349	N299
1425	0	0	75	0.05	1.0	admixture	phlag_dto_eap01_ena4_esp001_ex_ancestral	N125	050	Cuculiformes	Charadriiformes
1425	0	0	75	0.05	1.0	admixture	phlag_dto_eap01_ena4_esp001_ex_derived	N125	050	Cuculiformes	Charadriiformes
1425	0	75	0	0.05	1.0	admixture	phlag_dto_eap01_ena4_esp001_ancestral	N125	050	Cuculiformes	Charadriiformes
1425	0	75	0	0.05	1.0	admixture	phlag_dto_eap01_ena4_esp001_derived	N125	050	Cuculiformes	Charadriiformes
728	472	196	104	0.2	1.0	admixture	phlag_dto_eap01_ena4_esp001_ex_ancestral	N251	025	N269	N242
1062	138	300	0	0.2	1.0	admixture	phlag_dto_eap01_ena4_esp001_ex_derived	N251	025	N269	N242
1200	0	300	0	0.2	1.0	admixture	phlag_dto_eap01_ena4_esp001_ancestral	N251	025	N269	N242
1200	0	300	0	0.2	1.0	admixture	phlag_dto_eap01_ena4_esp001_derived	N251	025	N269	N242
1228	47	12	213	0.15	1.0	admixture	phlag_dto_eap01_ena4_esp001_ex_ancestral	N689	050	N657	N672
1218	57	0	225	0.15	1.0	admixture	phlag_dto_eap01_ena4_esp001_ex_derived	N689	050	N657	N672
1192	83	0	225	0.15	1.0	admixture	phlag_dto_eap01_ena4_esp001_ancestral	N689	050	N657	N672
1275	0	225	0	0.15	1.0	admixture	phlag_dto_eap01_ena4_esp001_derived	N689	050	N657	N672
819	531	91	59	0.1	1.0	admixture	phlag_dto_eap01_ena4_esp001_ex_ancestral	N251	050	N269	N242
1129	221	130	20	0.1	1.0	admixture	phlag_dto_eap01_ena4_esp001_ex_derived	N251	050	N269	N242
976	374	150	0	0.1	1.0	admixture	phlag_dto_eap01_ena4_esp001_ancestral	N251	050	N269	N242
1350	0	150	0	0.1	1.0	admixture	phlag_dto_eap01_ena4_esp001_derived	N251	050	N269	N242
902	448	100	50	0.1	1.0	admixture	phlag_dto_eap01_ena4_esp001_ex_ancestral	Musophagiformes	025	N83	N118
1350	0	150	0	0.1	1.0	admixture	phlag_dto_eap01_ena4_esp001_ex_derived	Musophagiformes	025	N83	N118
1178	172	29	121	0.1	1.0	admixture	phlag_dto_eap01_ena4_esp001_ancestral	Musophagiformes	025	N83	N118
1350	0	150	0	0.1	1.0	admixture	phlag_dto_eap01_ena4_esp001_derived	Musophagiformes	025	N83	N118
977	373	0	150	0.1	1.0	admixture	phlag_dto_eap01_ena4_esp001_ex_ancestral	N546	050	N532	N567
1350	0	0	150	0.1	1.0	admixture	phlag_dto_eap01_ena4_esp001_ex_derived	N546	050	N532	N567
1031	319	1	149	0.1	1.0	admixture	phlag_dto_eap01_ena4_esp001_ancestral	N546	050	N532	N567
1345	5	0	150	0.1	1.0	admixture	phlag_dto_eap01_ena4_esp001_derived	N546	050	N532	N567
1470	0	0	30	0.02	1.0	admixture	phlag_dto_eap01_ena4_esp001_ex_ancestral	N125	025	Cuculiformes	Charadriiformes
1470	0	0	30	0.02	1.0	admixture	phlag_dto_eap01_ena4_esp001_ex_derived	N125	025	Cuculiformes	Charadriiformes
1467	3	7	23	0.02	1.0	admixture	phlag_dto_eap01_ena4_esp001_ancestral	N125	025	Cuculiformes	Charadriiformes
1470	0	30	0	0.02	1.0	admixture	phlag_dto_eap01_ena4_esp001_derived	N125	025	Cuculiformes	Charadriiformes
1169	106	198	27	0.15	1.0	admixture	phlag_dto_eap01_ena4_esp001_ex_ancestral	Coraciiformes	025	Bucerotiformes	Piciformes
1265	10	0	225	0.15	1.0	admixture	phlag_dto_eap01_ena4_esp001_ex_derived	Coraciiformes	025	Bucerotiformes	Piciformes
1200	75	0	225	0.15	1.0	admixture	phlag_dto_eap01_ena4_esp001_ancestral	Coraciiformes	025	Bucerotiformes	Piciformes
1241	34	0	225	0.15	1.0	admixture	phlag_dto_eap01_ena4_esp001_derived	Coraciiformes	025	Bucerotiformes	Piciformes
649	626	144	81	0.15	1.0	admixture	phlag_dto_eap01_ena4_esp001_ex_ancestral	Columbiformes	025	Mesitornisunicolor	N93
1275	0	1	224	0.15	1.0	admixture	phlag_dto_eap01_ena4_esp001_ex_derived	Columbiformes	025	Mesitornisunicolor	N93
1275	0	1	224	0.15	1.0	admixture	phlag_dto_eap01_ena4_esp001_ancestral	Columbiformes	025	Mesitornisunicolor	N93
1275	0	225	0	0.15	1.0	admixture	phlag_dto_eap01_ena4_esp001_derived	Columbiformes	025	Mesitornisunicolor	N93
1062	63	0	375	0.25	1.0	admixture	phlag_dto_eap01_ena4_esp001_ex_ancestral	N546	050	N532	N567
1124	1	0	375	0.25	1.0	admixture	phlag_dto_eap01_ena4_esp001_ex_derived	N546	050	N532	N567
911	214	2	373	0.25	1.0	admixture	phlag_dto_eap01_ena4_esp001_ancestral	N546	050	N532	N567
1125	0	25	350	0.25	1.0	admixture	phlag_dto_eap01_ena4_esp001_derived	N546	050	N532	N567
1200	0	4	296	0.2	1.0	admixture	phlag_dto_eap01_ena4_esp001_ex_ancestral	N125	050	Cuculiformes	Charadriiformes
1200	0	300	0	0.2	1.0	admixture	phlag_dto_eap01_ena4_esp001_ex_derived	N125	050	Cuculiformes	Charadriiformes
1200	0	63	237	0.2	1.0	admixture	phlag_dto_eap01_ena4_esp001_ancestral	N125	050	Cuculiformes	Charadriiformes
1200	0	300	0	0.2	1.0	admixture	phlag_dto_eap01_ena4_esp001_derived	N125	050	Cuculiformes	Charadriiformes
688	437	241	134	0.25	1.0	admixture	phlag_dto_eap01_ena4_esp001_ex_ancestral	N251	025	N269	N242
622	503	375	0	0.25	1.0	admixture	phlag_dto_eap01_ena4_esp001_ex_derived	N251	025	N269	N242
847	278	368	7	0.25	1.0	admixture	phlag_dto_eap01_ena4_esp001_ancestral	N251	025	N269	N242
906	219	375	0	0.25	1.0	admixture	phlag_dto_eap01_ena4_esp001_derived	N251	025	N269	N242
931	269	92	208	0.2	1.0	admixture	phlag_dto_eap01_ena4_esp001_ex_ancestral	Falconiformes	025	Accipitriformes	N717
1066	134	300	0	0.2	1.0	admixture	phlag_dto_eap01_ena4_esp001_ex_derived	Falconiformes	025	Accipitriformes	N717
1200	0	300	0	0.2	1.0	admixture	phlag_dto_eap01_ena4_esp001_ancestral	Falconiformes	025	Accipitriformes	N717
1200	0	300	0	0.2	1.0	admixture	phlag_dto_eap01_ena4_esp001_derived	Falconiformes	025	Accipitriformes	N717
585	540	194	181	0.25	1.0	admixture	phlag_dto_eap01_ena4_esp001_ex_ancestral	Musophagiformes	050	N83	N118
747	378	375	0	0.25	1.0	admixture	phlag_dto_eap01_ena4_esp001_ex_derived	Musophagiformes	050	N83	N118
1031	94	375	0	0.25	1.0	admixture	phlag_dto_eap01_ena4_esp001_ancestral	Musophagiformes	050	N83	N118
1125	0	375	0	0.25	1.0	admixture	phlag_dto_eap01_ena4_esp001_derived	Musophagiformes	050	N83	N118
956	469	62	13	0.05	1.0	admixture	phlag_dto_eap01_ena4_esp001_ex_ancestral	Columbiformes	050	Mesitornisunicolor	N93
1422	3	7	68	0.05	1.0	admixture	phlag_dto_eap01_ena4_esp001_ex_derived	Columbiformes	050	Mesitornisunicolor	N93
1414	11	1	74	0.05	1.0	admixture	phlag_dto_eap01_ena4_esp001_ancestral	Columbiformes	050	Mesitornisunicolor	N93
1425	0	75	0	0.05	1.0	admixture	phlag_dto_eap01_ena4_esp001_derived	Columbiformes	050	Mesitornisunicolor	N93
888	582	20	10	0.02	1.0	admixture	phlag_dto_eap01_ena4_esp001_ex_ancestral	N251	050	N269	N242
1470	0	30	0	0.02	1.0	admixture	phlag_dto_eap01_ena4_esp001_ex_derived	N251	050	N269	N242
1096	374	30	0	0.02	1.0	admixture	phlag_dto_eap01_ena4_esp001_ancestral	N251	050	N269	N242
1470	0	30	0	0.02	1.0	admixture	phlag_dto_eap01_ena4_esp001_derived	N251	050	N269	N242
1330	95	4	71	0.05	1.0	admixture	phlag_dto_eap01_ena4_esp001_ex_ancestral	N546	050	N532	N567
1423	2	0	75	0.05	1.0	admixture	phlag_dto_eap01_ena4_esp001_ex_derived	N546	050	N532	N567
843	582	0	75	0.05	1.0	admixture	phlag_dto_eap01_ena4_esp001_ancestral	N546	050	N532	N567
1212	213	33	42	0.05	1.0	admixture	phlag_dto_eap01_ena4_esp001_derived	N546	050	N532	N567
667	458	172	203	0.25	1.0	admixture	phlag_dto_eap01_ena4_esp001_ex_ancestral	Columbiformes	025	Mesitornisunicolor	N93
1092	33	0	375	0.25	1.0	admixture	phlag_dto_eap01_ena4_esp001_ex_derived	Columbiformes	025	Mesitornisunicolor	N93
1105	20	0	375	0.25	1.0	admixture	phlag_dto_eap01_ena4_esp001_ancestral	Columbiformes	025	Mesitornisunicolor	N93
1125	0	375	0	0.25	1.0	admixture	phlag_dto_eap01_ena4_esp001_derived	Columbiformes	025	Mesitornisunicolor	N93
1127	73	0	300	0.2	1.0	admixture	phlag_dto_eap01_ena4_esp001_ex_ancestral	N689	025	N657	N672
1154	46	69	231	0.2	1.0	admixture	phlag_dto_eap01_ena4_esp001_ex_derived	N689	025	N657	N672
1150	50	261	39	0.2	1.0	admixture	phlag_dto_eap01_ena4_esp001_ancestral	N689	025	N657	N672
611	589	300	0	0.2	1.0	admixture	phlag_dto_eap01_ena4_esp001_derived	N689	025	N657	N672
1125	0	20	355	0.25	1.0	admixture	phlag_dto_eap01_ena4_esp001_ex_ancestral	N689	050	N657	N672
1125	0	15	360	0.25	1.0	admixture	phlag_dto_eap01_ena4_esp001_ex_derived	N689	050	N657	N672
1125	0	219	156	0.25	1.0	admixture	phlag_dto_eap01_ena4_esp001_ancestral	N689	050	N657	N672
1125	0	375	0	0.25	1.0	admixture	phlag_dto_eap01_ena4_esp001_derived	N689	050	N657	N672
1168	257	11	64	0.05	1.0	admixture	phlag_dto_eap01_ena4_esp001_ex_ancestral	N689	025	N657	N672
1188	237	75	0	0.05	1.0	admixture	phlag_dto_eap01_ena4_esp001_ex_derived	N689	025	N657	N672
1260	165	75	0	0.05	1.0	admixture	phlag_dto_eap01_ena4_esp001_ancestral	N689	025	N657	N672
1425	0	75	0	0.05	1.0	admixture	phlag_dto_eap01_ena4_esp001_derived	N689	025	N657	N672
947	403	106	44	0.1	1.0	admixture	phlag_dto_eap01_ena4_esp001_ex_ancestral	Opisthocomushoazin	025	N275	N192
1068	282	128	22	0.1	1.0	admixture	phlag_dto_eap01_ena4_esp001_ex_derived	Opisthocomushoazin	025	N275	N192
1298	52	150	0	0.1	1.0	admixture	phlag_dto_eap01_ena4_esp001_ancestral	Opisthocomushoazin	025	N275	N192
1298	52	150	0	0.1	1.0	admixture	phlag_dto_eap01_ena4_esp001_derived	Opisthocomushoazin	025	N275	N192
669	456	148	227	0.25	1.0	admixture	phlag_dto_eap01_ena4_esp001_ex_ancestral	Falconiformes	025	Accipitriformes	N717
995	130	375	0	0.25	1.0	admixture	phlag_dto_eap01_ena4_esp001_ex_derived	Falconiformes	025	Accipitriformes	N717
1125	0	307	68	0.25	1.0	admixture	phlag_dto_eap01_ena4_esp001_ancestral	Falconiformes	025	Accipitriformes	N717
1125	0	375	0	0.25	1.0	admixture	phlag_dto_eap01_ena4_esp001_derived	Falconiformes	025	Accipitriformes	N717
646	629	113	112	0.15	1.0	admixture	phlag_dto_eap01_ena4_esp001_ex_ancestral	Strigiformes	025	N349	N299
1173	102	225	0	0.15	1.0	admixture	phlag_dto_eap01_ena4_esp001_ex_derived	Strigiformes	025	N349	N299
1224	51	225	0	0.15	1.0	admixture	phlag_dto_eap01_ena4_esp001_ancestral	Strigiformes	025	N349	N299
1215	60	225	0	0.15	1.0	admixture	phlag_dto_eap01_ena4_esp001_derived	Strigiformes	025	N349	N299
841	434	152	73	0.15	1.0	admixture	phlag_dto_eap01_ena4_esp001_ex_ancestral	Musophagiformes	025	N83	N118
1275	0	225	0	0.15	1.0	admixture	phlag_dto_eap01_ena4_esp001_ex_derived	Musophagiformes	025	N83	N118
780	495	225	0	0.15	1.0	admixture	phlag_dto_eap01_ena4_esp001_ancestral	Musophagiformes	025	N83	N118
1275	0	225	0	0.15	1.0	admixture	phlag_dto_eap01_ena4_esp001_derived	Musophagiformes	025	N83	N118
967	233	1	299	0.2	1.0	admixture	phlag_dto_eap01_ena4_esp001_ex_ancestral	Caprimulgiformes1	050	N220	N202
917	283	300	0	0.2	1.0	admixture	phlag_dto_eap01_ena4_esp001_ex_derived	Caprimulgiformes1	050	N220	N202
1200	0	64	236	0.2	1.0	admixture	phlag_dto_eap01_ena4_esp001_ancestral	Caprimulgiformes1	050	N220	N202
1134	66	0	300	0.2	1.0	admixture	phlag_dto_eap01_ena4_esp001_derived	Caprimulgiformes1	050	N220	N202
1047	378	60	15	0.05	1.0	admixture	phlag_dto_eap01_ena4_esp001_ex_ancestral	N251	050	N269	N242
1204	221	75	0	0.05	1.0	admixture	phlag_dto_eap01_ena4_esp001_ex_derived	N251	050	N269	N242
1051	374	75	0	0.05	1.0	admixture	phlag_dto_eap01_ena4_esp001_ancestral	N251	050	N269	N242
1425	0	75	0	0.05	1.0	admixture	phlag_dto_eap01_ena4_esp001_derived	N251	050	N269	N242
686	664	103	47	0.1	1.0	admixture	phlag_dto_eap01_ena4_esp001_ex_ancestral	Columbiformes	025	Mesitornisunicolor	N93
1282	68	0	150	0.1	1.0	admixture	phlag_dto_eap01_ena4_esp001_ex_derived	Columbiformes	025	Mesitornisunicolor	N93
1299	51	0	150	0.1	1.0	admixture	phlag_dto_eap01_ena4_esp001_ancestral	Columbiformes	025	Mesitornisunicolor	N93
1350	0	150	0	0.1	1.0	admixture	phlag_dto_eap01_ena4_esp001_derived	Columbiformes	025	Mesitornisunicolor	N93
1004	121	302	73	0.25	1.0	admixture	phlag_dto_eap01_ena4_esp001_ex_ancestral	Falconiformes	050	Accipitriformes	N717
820	305	375	0	0.25	1.0	admixture	phlag_dto_eap01_ena4_esp001_ex_derived	Falconiformes	050	Accipitriformes	N717
927	198	375	0	0.25	1.0	admixture	phlag_dto_eap01_ena4_esp001_ancestral	Falconiformes	050	Accipitriformes	N717
1125	0	375	0	0.25	1.0	admixture	phlag_dto_eap01_ena4_esp001_derived	Falconiformes	050	Accipitriformes	N717
1111	359	30	0	0.02	1.0	admixture	phlag_dto_eap01_ena4_esp001_ex_ancestral	Caprimulgiformes1	050	N220	N202
772	698	30	0	0.02	1.0	admixture	phlag_dto_eap01_ena4_esp001_ex_derived	Caprimulgiformes1	050	N220	N202
1335	135	30	0	0.02	1.0	admixture	phlag_dto_eap01_ena4_esp001_ancestral	Caprimulgiformes1	050	N220	N202
1424	46	30	0	0.02	1.0	admixture	phlag_dto_eap01_ena4_esp001_derived	Caprimulgiformes1	050	N220	N202
1350	0	150	0	0.1	1.0	admixture	phlag_dto_eap01_ena4_esp001_ex_ancestral	Coraciiformes	025	Bucerotiformes	Piciformes
1347	3	23	127	0.1	1.0	admixture	phlag_dto_eap01_ena4_esp001_ex_derived	Coraciiformes	025	Bucerotiformes	Piciformes
1348	2	23	127	0.1	1.0	admixture	phlag_dto_eap01_ena4_esp001_ancestral	Coraciiformes	025	Bucerotiformes	Piciformes
1312	38	14	136	0.1	1.0	admixture	phlag_dto_eap01_ena4_esp001_derived	Coraciiformes	025	Bucerotiformes	Piciformes
974	496	23	7	0.02	1.0	admixture	phlag_dto_eap01_ena4_esp001_ex_ancestral	Coraciiformes	025	Bucerotiformes	Piciformes
1159	311	23	7	0.02	1.0	admixture	phlag_dto_eap01_ena4_esp001_ex_derived	Coraciiformes	025	Bucerotiformes	Piciformes
1403	67	16	14	0.02	1.0	admixture	phlag_dto_eap01_ena4_esp001_ancestral	Coraciiformes	025	Bucerotiformes	Piciformes
1442	28	30	0	0.02	1.0	admixture	phlag_dto_eap01_ena4_esp001_derived	Coraciiformes	025	Bucerotiformes	Piciformes
1109	316	75	0	0.05	1.0	admixture	phlag_dto_eap01_ena4_esp001_ex_ancestral	Falconiformes	050	Accipitriformes	N717
1425	0	75	0	0.05	1.0	admixture	phlag_dto_eap01_ena4_esp001_ex_derived	Falconiformes	050	Accipitriformes	N717
1227	198	75	0	0.05	1.0	admixture	phlag_dto_eap01_ena4_esp001_ancestral	Falconiformes	050	Accipitriformes	N717
1425	0	75	0	0.05	1.0	admixture	phlag_dto_eap01_ena4_esp001_derived	Falconiformes	050	Accipitriformes	N717
749	376	241	134	0.25	1.0	admixture	phlag_dto_eap01_ena4_esp001_ex_ancestral	Musophagiformes	025	N83	N118
638	487	375	0	0.25	1.0	admixture	phlag_dto_eap01_ena4_esp001_ex_derived	Musophagiformes	025	N83	N118
630	495	375	0	0.25	1.0	admixture	phlag_dto_eap01_ena4_esp001_ancestral	Musophagiformes	025	N83	N118
1125	0	375	0	0.25	1.0	admixture	phlag_dto_eap01_ena4_esp001_derived	Musophagiformes	025	N83	N118
792	408	198	102	0.2	1.0	admixture	phlag_dto_eap01_ena4_esp001_ex_ancestral	Strigiformes	025	N349	N299
1200	0	300	0	0.2	1.0	admixture	phlag_dto_eap01_ena4_esp001_ex_derived	Strigiformes	025	N349	N299
1070	130	300	0	0.2	1.0	admixture	phlag_dto_eap01_ena4_esp001_ancestral	Strigiformes	025	N349	N299
792	408	300	0	0.2	1.0	admixture	phlag_dto_eap01_ena4_esp001_derived	Strigiformes	025	N349	N299
983	487	23	7	0.02	1.0	admixture	phlag_dto_eap01_ena4_esp001_ex_ancestral	Musophagiformes	050	N83	N118
1287	183	30	0	0.02	1.0	admixture	phlag_dto_eap01_ena4_esp001_ex_derived	Musophagiformes	050	N83	N118
1226	244	30	0	0.02	1.0	admixture	phlag_dto_eap01_ena4_esp001_ancestral	Musophagiformes	050	N83	N118
1470	0	30	0	0.02	1.0	admixture	phlag_dto_eap01_ena4_esp001_derived	Musophagiformes	050	N83	N118
791	409	212	88	0.2	1.0	admixture	phlag_dto_eap01_ena4_esp001_ex_ancestral	Strigiformes	050	N349	N299
867	333	62	238	0.2	1.0	admixture	phlag_dto_eap01_ena4_esp001_ex_derived	Strigiformes	050	N349	N299
1070	130	300	0	0.2	1.0	admixture	phlag_dto_eap01_ena4_esp001_ancestral	Strigiformes	050	N349	N299
1072	128	300	0	0.2	1.0	admixture	phlag_dto_eap01_ena4_esp001_derived	Strigiformes	050	N349	N299
1133	217	147	3	0.1	1.0	admixture	phlag_dto_eap01_ena4_esp001_ex_ancestral	Caprimulgiformes1	050	N220	N202
824	526	150	0	0.1	1.0	admixture	phlag_dto_eap01_ena4_esp001_ex_derived	Caprimulgiformes1	050	N220	N202
1304	46	150	0	0.1	1.0	admixture	phlag_dto_eap01_ena4_esp001_ancestral	Caprimulgiformes1	050	N220	N202
1302	48	150	0	0.1	1.0	admixture	phlag_dto_eap01_ena4_esp001_derived	Caprimulgiformes1	050	N220	N202
976	224	175	125	0.2	1.0	admixture	phlag_dto_eap01_ena4_esp001_ex_ancestral	Coraciiformes	050	Bucerotiformes	Piciformes
1200	0	55	245	0.2	1.0	admixture	phlag_dto_eap01_ena4_esp001_ex_derived	Coraciiformes	050	Bucerotiformes	Piciformes
1165	35	217	83	0.2	1.0	admixture	phlag_dto_eap01_ena4_esp001_ancestral	Coraciiformes	050	Bucerotiformes	Piciformes
1141	59	7	293	0.2	1.0	admixture	phlag_dto_eap01_ena4_esp001_derived	Coraciiformes	050	Bucerotiformes	Piciformes
1125	0	5	370	0.25	1.0	admixture	phlag_dto_eap01_ena4_esp001_ex_ancestral	N125	050	Cuculiformes	Charadriiformes
1125	0	5	370	0.25	1.0	admixture	phlag_dto_eap01_ena4_esp001_ex_derived	N125	050	Cuculiformes	Charadriiformes
1125	0	57	318	0.25	1.0	admixture	phlag_dto_eap01_ena4_esp001_ancestral	N125	050	Cuculiformes	Charadriiformes
1125	0	375	0	0.25	1.0	admixture	phlag_dto_eap01_ena4_esp001_derived	N125	050	Cuculiformes	Charadriiformes
1097	28	10	365	0.25	1.0	admixture	phlag_dto_eap01_ena4_esp001_ex_ancestral	N546	025	N532	N567
1123	2	0	375	0.25	1.0	admixture	phlag_dto_eap01_ena4_esp001_ex_derived	N546	025	N532	N567
466	659	375	0	0.25	1.0	admixture	phlag_dto_eap01_ena4_esp001_ancestral	N546	025	N532	N567
1125	0	2	373	0.25	1.0	admixture	phlag_dto_eap01_ena4_esp001_derived	N546	025	N532	N567
919	431	99	51	0.1	1.0	admixture	phlag_dto_eap01_ena4_esp001_ex_ancestral	Strigiformes	050	N349	N299
870	480	33	117	0.1	1.0	admixture	phlag_dto_eap01_ena4_esp001_ex_derived	Strigiformes	050	N349	N299
1284	66	150	0	0.1	1.0	admixture	phlag_dto_eap01_ena4_esp001_ancestral	Strigiformes	050	N349	N299
942	408	150	0	0.1	1.0	admixture	phlag_dto_eap01_ena4_esp001_derived	Strigiformes	050	N349	N299
823	377	200	100	0.2	1.0	admixture	phlag_dto_eap01_ena4_esp001_ex_ancestral	Opisthocomushoazin	050	N275	N192
937	263	231	69	0.2	1.0	admixture	phlag_dto_eap01_ena4_esp001_ex_derived	Opisthocomushoazin	050	N275	N192
1076	124	133	167	0.2	1.0	admixture	phlag_dto_eap01_ena4_esp001_ancestral	Opisthocomushoazin	050	N275	N192
1014	186	300	0	0.2	1.0	admixture	phlag_dto_eap01_ena4_esp001_derived	Opisthocomushoazin	050	N275	N192
1425	0	0	75	0.05	1.0	admixture	phlag_dto_eap01_ena4_esp001_ex_ancestral	N125	025	Cuculiformes	Charadriiformes
1425	0	0	75	0.05	1.0	admixture	phlag_dto_eap01_ena4_esp001_ex_derived	N125	025	Cuculiformes	Charadriiformes
1422	3	14	61	0.05	1.0	admixture	phlag_dto_eap01_ena4_esp001_ancestral	N125	025	Cuculiformes	Charadriiformes
1425	0	75	0	0.05	1.0	admixture	phlag_dto_eap01_ena4_esp001_derived	N125	025	Cuculiformes	Charadriiformes
1275	0	4	221	0.15	1.0	admixture	phlag_dto_eap01_ena4_esp001_ex_ancestral	N125	050	Cuculiformes	Charadriiformes
1275	0	0	225	0.15	1.0	admixture	phlag_dto_eap01_ena4_esp001_ex_derived	N125	050	Cuculiformes	Charadriiformes
1272	3	61	164	0.15	1.0	admixture	phlag_dto_eap01_ena4_esp001_ancestral	N125	050	Cuculiformes	Charadriiformes
1275	0	225	0	0.15	1.0	admixture	phlag_dto_eap01_ena4_esp001_derived	N125	050	Cuculiformes	Charadriiformes
1085	385	30	0	0.02	1.0	admixture	phlag_dto_eap01_ena4_esp001_ex_ancestral	Caprimulgiformes1	025	N220	N202
1125	345	0	30	0.02	1.0	admixture	phlag_dto_eap01_ena4_esp001_ex_derived	Caprimulgiformes1	025	N220	N202
1335	135	30	0	0.02	1.0	admixture	phlag_dto_eap01_ena4_esp001_ancestral	Caprimulgiformes1	025	N220	N202
1424	46	30	0	0.02	1.0	admixture	phlag_dto_eap01_ena4_esp001_derived	Caprimulgiformes1	025	N220	N202
1098	177	6	219	0.15	1.0	admixture	phlag_dto_eap01_ena4_esp001_ex_ancestral	N689	025	N657	N672
1216	59	54	171	0.15	1.0	admixture	phlag_dto_eap01_ena4_esp001_ex_derived	N689	025	N657	N672
1087	188	225	0	0.15	1.0	admixture	phlag_dto_eap01_ena4_esp001_ancestral	N689	025	N657	N672
680	595	225	0	0.15	1.0	admixture	phlag_dto_eap01_ena4_esp001_derived	N689	025	N657	N672
1228	122	11	139	0.1	1.0	admixture	phlag_dto_eap01_ena4_esp001_ex_ancestral	N689	050	N657	N672
1267	83	0	150	0.1	1.0	admixture	phlag_dto_eap01_ena4_esp001_ex_derived	N689	050	N657	N672
1084	266	0	150	0.1	1.0	admixture	phlag_dto_eap01_ena4_esp001_ancestral	N689	050	N657	N672
1350	0	150	0	0.1	1.0	admixture	phlag_dto_eap01_ena4_esp001_derived	N689	050	N657	N672
1213	212	75	0	0.05	1.0	admixture	phlag_dto_eap01_ena4_esp001_ex_ancestral	Falconiformes	025	Accipitriformes	N717
1291	134	75	0	0.05	1.0	admixture	phlag_dto_eap01_ena4_esp001_ex_derived	Falconiformes	025	Accipitriformes	N717
1227	198	75	0	0.05	1.0	admixture	phlag_dto_eap01_ena4_esp001_ancestral	Falconiformes	025	Accipitriformes	N717
1425	0	75	0	0.05	1.0	admixture	phlag_dto_eap01_ena4_esp001_derived	Falconiformes	025	Accipitriformes	N717
666	459	100	275	0.25	1.0	admixture	phlag_dto_eap01_ena4_esp001_ex_ancestral	Columbiformes	050	Mesitornisunicolor	N93
1121	4	0	375	0.25	1.0	admixture	phlag_dto_eap01_ena4_esp001_ex_derived	Columbiformes	050	Mesitornisunicolor	N93
1121	4	0	375	0.25	1.0	admixture	phlag_dto_eap01_ena4_esp001_ancestral	Columbiformes	050	Mesitornisunicolor	N93
1125	0	375	0	0.25	1.0	admixture	phlag_dto_eap01_ena4_esp001_derived	Columbiformes	050	Mesitornisunicolor	N93
802	548	45	105	0.1	1.0	admixture	phlag_dto_eap01_ena4_esp001_ex_ancestral	Falconiformes	050	Accipitriformes	N717
1146	204	150	0	0.1	1.0	admixture	phlag_dto_eap01_ena4_esp001_ex_derived	Falconiformes	050	Accipitriformes	N717
1152	198	150	0	0.1	1.0	admixture	phlag_dto_eap01_ena4_esp001_ancestral	Falconiformes	050	Accipitriformes	N717
1350	0	150	0	0.1	1.0	admixture	phlag_dto_eap01_ena4_esp001_derived	Falconiformes	050	Accipitriformes	N717
1029	441	17	13	0.02	1.0	admixture	phlag_dto_eap01_ena4_esp001_ex_ancestral	Coraciiformes	050	Bucerotiformes	Piciformes
1193	277	1	29	0.02	1.0	admixture	phlag_dto_eap01_ena4_esp001_ex_derived	Coraciiformes	050	Bucerotiformes	Piciformes
1240	230	30	0	0.02	1.0	admixture	phlag_dto_eap01_ena4_esp001_ancestral	Coraciiformes	050	Bucerotiformes	Piciformes
1442	28	30	0	0.02	1.0	admixture	phlag_dto_eap01_ena4_esp001_derived	Coraciiformes	050	Bucerotiformes	Piciformes
1174	26	1	299	0.2	1.0	admixture	phlag_dto_eap01_ena4_esp001_ex_ancestral	Coraciiformes	025	Bucerotiformes	Piciformes
1174	26	13	287	0.2	1.0	admixture	phlag_dto_eap01_ena4_esp001_ex_derived	Coraciiformes	025	Bucerotiformes	Piciformes
1170	30	14	286	0.2	1.0	admixture	phlag_dto_eap01_ena4_esp001_ancestral	Coraciiformes	025	Bucerotiformes	Piciformes
1146	54	6	294	0.2	1.0	admixture	phlag_dto_eap01_ena4_esp001_derived	Coraciiformes	025	Bucerotiformes	Piciformes
984	486	25	5	0.02	1.0	admixture	phlag_dto_eap01_ena4_esp001_ex_ancestral	Columbiformes	050	Mesitornisunicolor	N93
940	530	7	23	0.02	1.0	admixture	phlag_dto_eap01_ena4_esp001_ex_derived	Columbiformes	050	Mesitornisunicolor	N93
1461	9	0	30	0.02	1.0	admixture	phlag_dto_eap01_ena4_esp001_ancestral	Columbiformes	050	Mesitornisunicolor	N93
1470	0	30	0	0.02	1.0	admixture	phlag_dto_eap01_ena4_esp001_derived	Columbiformes	050	Mesitornisunicolor	N93
1470	0	30	0	0.02	1.0	admixture	phlag_dto_eap01_ena4_esp001_ex_ancestral	Falconiformes	025	Accipitriformes	N717
1266	204	30	0	0.02	1.0	admixture	phlag_dto_eap01_ena4_esp001_ex_derived	Falconiformes	025	Accipitriformes	N717
1272	198	30	0	0.02	1.0	admixture	phlag_dto_eap01_ena4_esp001_ancestral	Falconiformes	025	Accipitriformes	N717
1470	0	30	0	0.02	1.0	admixture	phlag_dto_eap01_ena4_esp001_derived	Falconiformes	025	Accipitriformes	N717
1125	0	375	0	0.25	1.0	admixture	phlag_dto_eap01_ena4_esp001_ex_ancestral	N125	025	Cuculiformes	Charadriiformes
1125	0	0	375	0.25	1.0	admixture	phlag_dto_eap01_ena4_esp001_ex_derived	N125	025	Cuculiformes	Charadriiformes
1125	0	375	0	0.25	1.0	admixture	phlag_dto_eap01_ena4_esp001_ancestral	N125	025	Cuculiformes	Charadriiformes
1125	0	375	0	0.25	1.0	admixture	phlag_dto_eap01_ena4_esp001_derived	N125	025	Cuculiformes	Charadriiformes
1238	37	1	224	0.15	1.0	admixture	phlag_dto_eap01_ena4_esp001_ex_ancestral	N546	025	N532	N567
1274	1	0	225	0.15	1.0	admixture	phlag_dto_eap01_ena4_esp001_ex_derived	N546	025	N532	N567
1196	79	153	72	0.15	1.0	admixture	phlag_dto_eap01_ena4_esp001_ancestral	N546	025	N532	N567
1257	18	0	225	0.15	1.0	admixture	phlag_dto_eap01_ena4_esp001_derived	N546	025	N532	N567
1209	141	0	150	0.1	1.0	admixture	phlag_dto_eap01_ena4_esp001_ex_ancestral	N689	025	N657	N672
817	533	56	94	0.1	1.0	admixture	phlag_dto_eap01_ena4_esp001_ex_derived	N689	025	N657	N672
1300	50	150	0	0.1	1.0	admixture	phlag_dto_eap01_ena4_esp001_ancestral	N689	025	N657	N672
1350	0	150	0	0.1	1.0	admixture	phlag_dto_eap01_ena4_esp001_derived	N689	025	N657	N672
1078	272	150	0	0.1	1.0	admixture	phlag_dto_eap01_ena4_esp001_ex_ancestral	Falconiformes	025	Accipitriformes	N717
1216	134	150	0	0.1	1.0	admixture	phlag_dto_eap01_ena4_esp001_ex_derived	Falconiformes	025	Accipitriformes	N717
1155	195	150	0	0.1	1.0	admixture	phlag_dto_eap01_ena4_esp001_ancestral	Falconiformes	025	Accipitriformes	N717
1350	0	150	0	0.1	1.0	admixture	phlag_dto_eap01_ena4_esp001_derived	Falconiformes	025	Accipitriformes	N717
844	431	132	93	0.15	1.0	admixture	phlag_dto_eap01_ena4_esp001_ex_ancestral	Musophagiformes	050	N83	N118
1275	0	225	0	0.15	1.0	admixture	phlag_dto_eap01_ena4_esp001_ex_derived	Musophagiformes	050	N83	N118
1183	92	225	0	0.15	1.0	admixture	phlag_dto_eap01_ena4_esp001_ancestral	Musophagiformes	050	N83	N118
1275	0	225	0	0.15	1.0	admixture	phlag_dto_eap01_ena4_esp001_derived	Musophagiformes	050	N83	N118
1418	7	5	70	0.05	1.0	admixture	phlag_dto_eap01_ena4_esp001_ex_ancestral	Coraciiformes	025	Bucerotiformes	Piciformes
1204	221	0	75	0.05	1.0	admixture	phlag_dto_eap01_ena4_esp001_ex_derived	Coraciiformes	025	Bucerotiformes	Piciformes
1392	33	5	70	0.05	1.0	admixture	phlag_dto_eap01_ena4_esp001_ancestral	Coraciiformes	025	Bucerotiformes	Piciformes
1392	33	13	62	0.05	1.0	admixture	phlag_dto_eap01_ena4_esp001_derived	Coraciiformes	025	Bucerotiformes	Piciformes
1275	0	0	225	0.15	1.0	admixture	phlag_dto_eap01_ena4_esp001_ex_ancestral	N125	025	Cuculiformes	Charadriiformes
1275	0	0	225	0.15	1.0	admixture	phlag_dto_eap01_ena4_esp001_ex_derived	N125	025	Cuculiformes	Charadriiformes
1250	25	0	225	0.15	1.0	admixture	phlag_dto_eap01_ena4_esp001_ancestral	N125	025	Cuculiformes	Charadriiformes
1275	0	225	0	0.15	1.0	admixture	phlag_dto_eap01_ena4_esp001_derived	N125	025	Cuculiformes	Charadriiformes
772	503	146	79	0.15	1.0	admixture	phlag_dto_eap01_ena4_esp001_ex_ancestral	N251	025	N269	N242
957	318	214	11	0.15	1.0	admixture	phlag_dto_eap01_ena4_esp001_ex_derived	N251	025	N269	N242
887	388	225	0	0.15	1.0	admixture	phlag_dto_eap01_ena4_esp001_ancestral	N251	025	N269	N242
1275	0	225	0	0.15	1.0	admixture	phlag_dto_eap01_ena4_esp001_derived	N251	025	N269	N242
935	415	103	47	0.1	1.0	admixture	phlag_dto_eap01_ena4_esp001_ex_ancestral	Opisthocomushoazin	050	N275	N192
1061	289	112	38	0.1	1.0	admixture	phlag_dto_eap01_ena4_esp001_ex_derived	Opisthocomushoazin	050	N275	N192
1226	124	150	0	0.1	1.0	admixture	phlag_dto_eap01_ena4_esp001_ancestral	Opisthocomushoazin	050	N275	N192
1350	0	150	0	0.1	1.0	admixture	phlag_dto_eap01_ena4_esp001_derived	Opisthocomushoazin	050	N275	N192
781	344	256	119	0.25	1.0	admixture	phlag_dto_eap01_ena4_esp001_ex_ancestral	Opisthocomushoazin	050	N275	N192
918	207	300	75	0.25	1.0	admixture	phlag_dto_eap01_ena4_esp001_ex_derived	Opisthocomushoazin	050	N275	N192
1001	124	170	205	0.25	1.0	admixture	phlag_dto_eap01_ena4_esp001_ancestral	Opisthocomushoazin	050	N275	N192
1073	52	375	0	0.25	1.0	admixture	phlag_dto_eap01_ena4_esp001_derived	Opisthocomushoazin	050	N275	N192
974	301	93	132	0.15	1.0	admixture	phlag_dto_eap01_ena4_esp001_ex_ancestral	Caprimulgiformes1	050	N220	N202
959	316	0	225	0.15	1.0	admixture	phlag_dto_eap01_ena4_esp001_ex_derived	Caprimulgiformes1	050	N220	N202
1275	0	73	152	0.15	1.0	admixture	phlag_dto_eap01_ena4_esp001_ancestral	Caprimulgiformes1	050	N220	N202
1225	50	225	0	0.15	1.0	admixture	phlag_dto_eap01_ena4_esp001_derived	Caprimulgiformes1	050	N220	N202
1291	179	30	0	0.02	1.0	admixture	phlag_dto_eap01_ena4_esp001_ex_ancestral	Falconiformes	050	Accipitriformes	N717
1399	71	30	0	0.02	1.0	admixture	phlag_dto_eap01_ena4_esp001_ex_derived	Falconiformes	050	Accipitriformes	N717
1271	199	30	0	0.02	1.0	admixture	phlag_dto_eap01_ena4_esp001_ancestral	Falconiformes	050	Accipitriformes	N717
1470	0	30	0	0.02	1.0	admixture	phlag_dto_eap01_ena4_esp001_derived	Falconiformes	050	Accipitriformes	N717
749	376	253	122	0.25	1.0	admixture	phlag_dto_eap01_ena4_esp001_ex_ancestral	Strigiformes	050	N349	N299
1019	106	309	66	0.25	1.0	admixture	phlag_dto_eap01_ena4_esp001_ex_derived	Strigiformes	050	N349	N299
995	130	375	0	0.25	1.0	admixture	phlag_dto_eap01_ena4_esp001_ancestral	Strigiformes	050	N349	N299
768	357	24	351	0.25	1.0	admixture	phlag_dto_eap01_ena4_esp001_derived	Strigiformes	050	N349	N299
885	585	21	9	0.02	1.0	admixture	phlag_dto_eap01_ena4_esp001_ex_ancestral	N251	025	N269	N242
1262	208	30	0	0.02	1.0	admixture	phlag_dto_eap01_ena4_esp001_ex_derived	N251	025	N269	N242
1043	427	0	30	0.02	1.0	admixture	phlag_dto_eap01_ena4_esp001_ancestral	N251	025	N269	N242
1352	118	30	0	0.02	1.0	admixture	phlag_dto_eap01_ena4_esp001_derived	N251	025	N269	N242
605	520	191	184	0.25	1.0	admixture	phlag_dto_eap01_ena4_esp001_ex_ancestral	Opisthocomushoazin	025	N275	N192
926	199	158	217	0.25	1.0	admixture	phlag_dto_eap01_ena4_esp001_ex_derived	Opisthocomushoazin	025	N275	N192
1080	45	375	0	0.25	1.0	admixture	phlag_dto_eap01_ena4_esp001_ancestral	Opisthocomushoazin	025	N275	N192
1073	52	375	0	0.25	1.0	admixture	phlag_dto_eap01_ena4_esp001_derived	Opisthocomushoazin	025	N275	N192
814	536	98	52	0.1	1.0	admixture	phlag_dto_eap01_ena4_esp001_ex_ancestral	Caprimulgiformes1	025	N220	N202
1125	225	150	0	0.1	1.0	admixture	phlag_dto_eap01_ena4_esp001_ex_derived	Caprimulgiformes1	025	N220	N202
1311	39	150	0	0.1	1.0	admixture	phlag_dto_eap01_ena4_esp001_ancestral	Caprimulgiformes1	025	N220	N202
1348	2	84	66	0.1	1.0	admixture	phlag_dto_eap01_ena4_esp001_derived	Caprimulgiformes1	025	N220	N202
1105	170	0	225	0.15	1.0	admixture	phlag_dto_eap01_ena4_esp001_ex_ancestral	Caprimulgiformes1	025	N220	N202
1156	119	115	110	0.15	1.0	admixture	phlag_dto_eap01_ena4_esp001_ex_derived	Caprimulgiformes1	025	N220	N202
1187	88	163	62	0.15	1.0	admixture	phlag_dto_eap01_ena4_esp001_ancestral	Caprimulgiformes1	025	N220	N202
1126	149	156	69	0.15	1.0	admixture	phlag_dto_eap01_ena4_esp001_derived	Caprimulgiformes1	025	N220	N202
793	482	225	0	0.15	1.0	admixture	phlag_dto_eap01_ena4_esp001_ex_ancestral	Falconiformes	050	Accipitriformes	N717
1078	197	225	0	0.15	1.0	admixture	phlag_dto_eap01_ena4_esp001_ex_derived	Falconiformes	050	Accipitriformes	N717
1024	251	216	9	0.15	1.0	admixture	phlag_dto_eap01_ena4_esp001_ancestral	Falconiformes	050	Accipitriformes	N717
1275	0	225	0	0.15	1.0	admixture	phlag_dto_eap01_ena4_esp001_derived	Falconiformes	050	Accipitriformes	N717
1169	31	0	300	0.2	1.0	admixture	phlag_dto_eap01_ena4_esp001_ex_ancestral	N546	025	N532	N567
1200	0	0	300	0.2	1.0	admixture	phlag_dto_eap01_ena4_esp001_ex_derived	N546	025	N532	N567
1119	81	0	300	0.2	1.0	admixture	phlag_dto_eap01_ena4_esp001_ancestral	N546	025	N532	N567
1200	0	2	298	0.2	1.0	admixture	phlag_dto_eap01_ena4_esp001_derived	N546	025	N532	N567
793	407	206	94	0.2	1.0	admixture	phlag_dto_eap01_ena4_esp001_ex_ancestral	Musophagiformes	025	N83	N118
1200	0	300	0	0.2	1.0	admixture	phlag_dto_eap01_ena4_esp001_ex_derived	Musophagiformes	025	N83	N118
924	276	300	0	0.2	1.0	admixture	phlag_dto_eap01_ena4_esp001_ancestral	Musophagiformes	025	N83	N118
1200	0	300	0	0.2	1.0	admixture	phlag_dto_eap01_ena4_esp001_derived	Musophagiformes	025	N83	N118
1350	0	0	150	0.1	1.0	admixture	phlag_dto_eap01_ena4_esp001_ex_ancestral	N125	025	Cuculiformes	Charadriiformes
1350	0	0	150	0.1	1.0	admixture	phlag_dto_eap01_ena4_esp001_ex_derived	N125	025	Cuculiformes	Charadriiformes
1347	3	0	150	0.1	1.0	admixture	phlag_dto_eap01_ena4_esp001_ancestral	N125	025	Cuculiformes	Charadriiformes
1350	0	150	0	0.1	1.0	admixture	phlag_dto_eap01_ena4_esp001_derived	N125	025	Cuculiformes	Charadriiformes
967	458	47	28	0.05	1.0	admixture	phlag_dto_eap01_ena4_esp001_ex_ancestral	Strigiformes	050	N349	N299
863	562	75	0	0.05	1.0	admixture	phlag_dto_eap01_ena4_esp001_ex_derived	Strigiformes	050	N349	N299
1295	130	75	0	0.05	1.0	admixture	phlag_dto_eap01_ena4_esp001_ancestral	Strigiformes	050	N349	N299
1017	408	75	0	0.05	1.0	admixture	phlag_dto_eap01_ena4_esp001_derived	Strigiformes	050	N349	N299
635	565	168	132	0.2	1.0	admixture	phlag_dto_eap01_ena4_esp001_ex_ancestral	Caprimulgiformes1	025	N220	N202
978	222	300	0	0.2	1.0	admixture	phlag_dto_eap01_ena4_esp001_ex_derived	Caprimulgiformes1	025	N220	N202
1166	34	172	128	0.2	1.0	admixture	phlag_dto_eap01_ena4_esp001_ancestral	Caprimulgiformes1	025	N220	N202
1199	1	234	66	0.2	1.0	admixture	phlag_dto_eap01_ena4_esp001_derived	Caprimulgiformes1	025	N220	N202
1161	39	20	280	0.2	1.0	admixture	phlag_dto_eap01_ena4_esp001_ex_ancestral	N689	050	N657	N672
1146	54	0	300	0.2	1.0	admixture	phlag_dto_eap01_ena4_esp001_ex_derived	N689	050	N657	N672
1200	0	300	0	0.2	1.0	admixture	phlag_dto_eap01_ena4_esp001_ancestral	N689	050	N657	N672
1116	84	300	0	0.2	1.0	admixture	phlag_dto_eap01_ena4_esp001_derived	N689	050	N657	N672
1470	0	0	30	0.02	1.0	admixture	phlag_dto_eap01_ena4_esp001_ex_ancestral	N125	050	Cuculiformes	Charadriiformes
1470	0	0	30	0.02	1.0	admixture	phlag_dto_eap01_ena4_esp001_ex_derived	N125	050	Cuculiformes	Charadriiformes
1470	0	30	0	0.02	1.0	admixture	phlag_dto_eap01_ena4_esp001_ancestral	N125	050	Cuculiformes	Charadriiformes
1470	0	30	0	0.02	1.0	admixture	phlag_dto_eap01_ena4_esp001_derived	N125	050	Cuculiformes	Charadriiformes
1001	424	51	24	0.05	1.0	admixture	phlag_dto_eap01_ena4_esp001_ex_ancestral	Opisthocomushoazin	050	N275	N192
1124	301	55	20	0.05	1.0	admixture	phlag_dto_eap01_ena4_esp001_ex_derived	Opisthocomushoazin	050	N275	N192
1373	52	75	0	0.05	1.0	admixture	phlag_dto_eap01_ena4_esp001_ancestral	Opisthocomushoazin	050	N275	N192
1182	243	75	0	0.05	1.0	admixture	phlag_dto_eap01_ena4_esp001_derived	Opisthocomushoazin	050	N275	N192
1036	434	22	8	0.02	1.0	admixture	phlag_dto_eap01_ena4_esp001_ex_ancestral	Opisthocomushoazin	050	N275	N192
1161	309	23	7	0.02	1.0	admixture	phlag_dto_eap01_ena4_esp001_ex_derived	Opisthocomushoazin	050	N275	N192
1224	246	30	0	0.02	1.0	admixture	phlag_dto_eap01_ena4_esp001_ancestral	Opisthocomushoazin	050	N275	N192
1227	243	30	0	0.02	1.0	admixture	phlag_dto_eap01_ena4_esp001_derived	Opisthocomushoazin	050	N275	N192
1016	409	58	17	0.05	1.0	admixture	phlag_dto_eap01_ena4_esp001_ex_ancestral	Columbiformes	025	Mesitornisunicolor	N93
1251	174	75	0	0.05	1.0	admixture	phlag_dto_eap01_ena4_esp001_ex_derived	Columbiformes	025	Mesitornisunicolor	N93
1331	94	75	0	0.05	1.0	admixture	phlag_dto_eap01_ena4_esp001_ancestral	Columbiformes	025	Mesitornisunicolor	N93
1425	0	75	0	0.05	1.0	admixture	phlag_dto_eap01_ena4_esp001_derived	Columbiformes	025	Mesitornisunicolor	N93
711	489	137	163	0.2	1.0	admixture	phlag_dto_eap01_ena4_esp001_ex_ancestral	Columbiformes	025	Mesitornisunicolor	N93
1186	14	0	300	0.2	1.0	admixture	phlag_dto_eap01_ena4_esp001_ex_derived	Columbiformes	025	Mesitornisunicolor	N93
1192	8	31	269	0.2	1.0	admixture	phlag_dto_eap01_ena4_esp001_ancestral	Columbiformes	025	Mesitornisunicolor	N93
1200	0	300	0	0.2	1.0	admixture	phlag_dto_eap01_ena4_esp001_derived	Columbiformes	025	Mesitornisunicolor	N93
784	641	7	68	0.05	1.0	admixture	phlag_dto_eap01_ena4_esp001_ex_ancestral	N546	025	N532	N567
1417	8	0	75	0.05	1.0	admixture	phlag_dto_eap01_ena4_esp001_ex_derived	N546	025	N532	N567
1020	405	75	0	0.05	1.0	admixture	phlag_dto_eap01_ena4_esp001_ancestral	N546	025	N532	N567
1423	2	2	73	0.05	1.0	admixture	phlag_dto_eap01_ena4_esp001_derived	N546	025	N532	N567
886	464	98	52	0.1	1.0	admixture	phlag_dto_eap01_ena4_esp001_ex_ancestral	Strigiformes	025	N349	N299
1085	265	150	0	0.1	1.0	admixture	phlag_dto_eap01_ena4_esp001_ex_derived	Strigiformes	025	N349	N299
1255	95	18	132	0.1	1.0	admixture	phlag_dto_eap01_ena4_esp001_ancestral	Strigiformes	025	N349	N299
1189	161	93	57	0.1	1.0	admixture	phlag_dto_eap01_ena4_esp001_derived	Strigiformes	025	N349	N299
884	391	159	66	0.15	1.0	admixture	phlag_dto_eap01_ena4_esp001_ex_ancestral	Opisthocomushoazin	025	N275	N192
1020	255	163	62	0.15	1.0	admixture	phlag_dto_eap01_ena4_esp001_ex_derived	Opisthocomushoazin	025	N275	N192
1103	172	225	0	0.15	1.0	admixture	phlag_dto_eap01_ena4_esp001_ancestral	Opisthocomushoazin	025	N275	N192
1223	52	225	0	0.15	1.0	admixture	phlag_dto_eap01_ena4_esp001_derived	Opisthocomushoazin	025	N275	N192
935	265	300	0	0.2	1.0	admixture	phlag_dto_eap01_ena4_esp001_ex_ancestral	Falconiformes	050	Accipitriformes	N717
1006	194	300	0	0.2	1.0	admixture	phlag_dto_eap01_ena4_esp001_ex_derived	Falconiformes	050	Accipitriformes	N717
1011	189	300	0	0.2	1.0	admixture	phlag_dto_eap01_ena4_esp001_ancestral	Falconiformes	050	Accipitriformes	N717
1200	0	300	0	0.2	1.0	admixture	phlag_dto_eap01_ena4_esp001_derived	Falconiformes	050	Accipitriformes	N717
1031	439	21	9	0.02	1.0	admixture	phlag_dto_eap01_ena4_esp001_ex_ancestral	Opisthocomushoazin	025	N275	N192
1155	315	25	5	0.02	1.0	admixture	phlag_dto_eap01_ena4_esp001_ex_derived	Opisthocomushoazin	025	N275	N192
1226	244	30	0	0.02	1.0	admixture	phlag_dto_eap01_ena4_esp001_ancestral	Opisthocomushoazin	025	N275	N192
1227	243	30	0	0.02	1.0	admixture	phlag_dto_eap01_ena4_esp001_derived	Opisthocomushoazin	025	N275	N192
1125	0	375	0	0.25	1.0	admixture	phlag_dto_eap01_ena4_esp001_ex_ancestral	N251	050	N269	N242
923	202	0	375	0.25	1.0	admixture	phlag_dto_eap01_ena4_esp001_ex_derived	N251	050	N269	N242
838	287	375	0	0.25	1.0	admixture	phlag_dto_eap01_ena4_esp001_ancestral	N251	050	N269	N242
1003	122	375	0	0.25	1.0	admixture	phlag_dto_eap01_ena4_esp001_derived	N251	050	N269	N242
1087	38	2	373	0.25	1.0	admixture	phlag_dto_eap01_ena4_esp001_ex_ancestral	N689	025	N657	N672
1079	46	144	231	0.25	1.0	admixture	phlag_dto_eap01_ena4_esp001_ex_derived	N689	025	N657	N672
984	141	295	80	0.25	1.0	admixture	phlag_dto_eap01_ena4_esp001_ancestral	N689	025	N657	N672
1125	0	375	0	0.25	1.0	admixture	phlag_dto_eap01_ena4_esp001_derived	N689	025	N657	N672
923	202	207	168	0.25	1.0	admixture	phlag_dto_eap01_ena4_esp001_ex_ancestral	Coraciiformes	050	Bucerotiformes	Piciformes
1125	0	52	323	0.25	1.0	admixture	phlag_dto_eap01_ena4_esp001_ex_derived	Coraciiformes	050	Bucerotiformes	Piciformes
1110	15	149	226	0.25	1.0	admixture	phlag_dto_eap01_ena4_esp001_ancestral	Coraciiformes	050	Bucerotiformes	Piciformes
1097	28	88	287	0.25	1.0	admixture	phlag_dto_eap01_ena4_esp001_derived	Coraciiformes	050	Bucerotiformes	Piciformes
891	384	159	66	0.15	1.0	admixture	phlag_dto_eap01_ena4_esp001_ex_ancestral	Opisthocomushoazin	050	N275	N192
1007	268	175	50	0.15	1.0	admixture	phlag_dto_eap01_ena4_esp001_ex_derived	Opisthocomushoazin	050	N275	N192
1089	186	225	0	0.15	1.0	admixture	phlag_dto_eap01_ena4_esp001_ancestral	Opisthocomushoazin	050	N275	N192
1032	243	225	0	0.15	1.0	admixture	phlag_dto_eap01_ena4_esp001_derived	Opisthocomushoazin	050	N275	N192
934	491	52	23	0.05	1.0	admixture	phlag_dto_eap01_ena4_esp001_ex_ancestral	Musophagiformes	025	N83	N118
812	613	28	47	0.05	1.0	admixture	phlag_dto_eap01_ena4_esp001_ex_derived	Musophagiformes	025	N83	N118
1181	244	75	0	0.05	1.0	admixture	phlag_dto_eap01_ena4_esp001_ancestral	Musophagiformes	025	N83	N118
1425	0	75	0	0.05	1.0	admixture	phlag_dto_eap01_ena4_esp001_derived	Musophagiformes	025	N83	N118
1145	130	0	225	0.15	1.0	admixture	phlag_dto_eap01_ena4_esp001_ex_ancestral	N546	050	N532	N567
1275	0	0	225	0.15	1.0	admixture	phlag_dto_eap01_ena4_esp001_ex_derived	N546	050	N532	N567
1058	217	72	153	0.15	1.0	admixture	phlag_dto_eap01_ena4_esp001_ancestral	N546	050	N532	N567
1274	1	5	220	0.15	1.0	admixture	phlag_dto_eap01_ena4_esp001_derived	N546	050	N532	N567
1148	52	0	300	0.2	1.0	admixture	phlag_dto_eap01_ena4_esp001_ex_ancestral	N546	050	N532	N567
1198	2	2	298	0.2	1.0	admixture	phlag_dto_eap01_ena4_esp001_ex_derived	N546	050	N532	N567
542	658	300	0	0.2	1.0	admixture	phlag_dto_eap01_ena4_esp001_ancestral	N546	050	N532	N567
1190	10	15	285	0.2	1.0	admixture	phlag_dto_eap01_ena4_esp001_derived	N546	050	N532	N567
790	410	180	120	0.2	1.0	admixture	phlag_dto_eap01_ena4_esp001_ex_ancestral	Musophagiformes	050	N83	N118
1200	0	300	0	0.2	1.0	admixture	phlag_dto_eap01_ena4_esp001_ex_derived	Musophagiformes	050	N83	N118
1159	41	269	31	0.2	1.0	admixture	phlag_dto_eap01_ena4_esp001_ancestral	Musophagiformes	050	N83	N118
1200	0	300	0	0.2	1.0	admixture	phlag_dto_eap01_ena4_esp001_derived	Musophagiformes	050	N83	N118
749	721	11	19	0.02	1.0	admixture	phlag_dto_eap01_ena4_esp001_ex_ancestral	Strigiformes	025	N349	N299
1136	334	0	30	0.02	1.0	admixture	phlag_dto_eap01_ena4_esp001_ex_derived	Strigiformes	025	N349	N299
1404	66	30	0	0.02	1.0	admixture	phlag_dto_eap01_ena4_esp001_ancestral	Strigiformes	025	N349	N299
1430	40	0	30	0.02	1.0	admixture	phlag_dto_eap01_ena4_esp001_derived	Strigiformes	025	N349	N299
1282	188	30	0	0.02	1.0	admixture	phlag_dto_eap01_ena4_esp001_ex_ancestral	N546	025	N532	N567
1126	344	0	30	0.02	1.0	admixture	phlag_dto_eap01_ena4_esp001_ex_derived	N546	025	N532	N567
1066	404	30	0	0.02	1.0	admixture	phlag_dto_eap01_ena4_esp001_ancestral	N546	025	N532	N567
1118	352	0	30	0.02	1.0	admixture	phlag_dto_eap01_ena4_esp001_derived	N546	025	N532	N567
996	429	42	33	0.05	1.0	admixture	phlag_dto_eap01_ena4_esp001_ex_ancestral	Opisthocomushoazin	025	N275	N192
1136	289	65	10	0.05	1.0	admixture	phlag_dto_eap01_ena4_esp001_ex_derived	Opisthocomushoazin	025	N275	N192
1178	247	75	0	0.05	1.0	admixture	phlag_dto_eap01_ena4_esp001_ancestral	Opisthocomushoazin	025	N275	N192
1373	52	75	0	0.05	1.0	admixture	phlag_dto_eap01_ena4_esp001_derived	Opisthocomushoazin	025	N275	N192
1303	122	6	69	0.05	1.0	admixture	phlag_dto_eap01_ena4_esp001_ex_ancestral	N689	050	N657	N672
1363	62	12	63	0.05	1.0	admixture	phlag_dto_eap01_ena4_esp001_ex_derived	N689	050	N657	N672
1012	413	0	75	0.05	1.0	admixture	phlag_dto_eap01_ena4_esp001_ancestral	N689	050	N657	N672
1425	0	75	0	0.05	1.0	admixture	phlag_dto_eap01_ena4_esp001_derived	N689	050	N657	N672
1425	0	75	0	0.05	1.0	admixture	phlag_dto_eap01_ena4_esp001_ex_ancestral	Coraciiformes	050	Bucerotiformes	Piciformes
1425	0	7	68	0.05	1.0	admixture	phlag_dto_eap01_ena4_esp001_ex_derived	Coraciiformes	050	Bucerotiformes	Piciformes
1425	0	75	0	0.05	1.0	admixture	phlag_dto_eap01_ena4_esp001_ancestral	Coraciiformes	050	Bucerotiformes	Piciformes
1397	28	75	0	0.05	1.0	admixture	phlag_dto_eap01_ena4_esp001_derived	Coraciiformes	050	Bucerotiformes	Piciformes
