BarycentricBins(12)+HMM	admixture	Cuculiformes_050_N275_to_N125	1350	0	0	150	0.1	1.0
BarycentricBins(12)+HMM	admixture	Cuculiformes_075_N275_to_N125	1275	0	3	222	0.15	1.0
BarycentricBins(12)+HMM	admixture	Cuculiformes_050_N275_to_N125	1425	0	0	75	0.05	1.0
BarycentricBins(12)+HMM	admixture	N275_075_N192_to_Opisthocomushoazin	672	528	158	142	0.2	1.0
BarycentricBins(12)+HMM	admixture	Accipitriformes_075_N717_to_Falconiformes	1256	19	225	0	0.15	1.0
BarycentricBins(12)+HMM	admixture	Cuculiformes_050_N275_to_N125	1125	0	0	375	0.25	1.0
BarycentricBins(12)+HMM	admixture	Cuculiformes_050_N275_to_N125	1470	0	0	30	0.02	1.0
BarycentricBins(12)+HMM	admixture	Accipitriformes_075_N717_to_Falconiformes	1191	9	300	0	0.2	1.0
BarycentricBins(12)+HMM	admixture	Cuculiformes_050_N275_to_N125	1200	0	0	300	0.2	1.0
BarycentricBins(12)+HMM	admixture	Cuculiformes_050_N275_to_N125	1275	0	0	225	0.15	1.0
BarycentricBins(12)+HMM	admixture	N275_075_N192_to_Opisthocomushoazin	699	651	97	53	0.1	1.0
BarycentricBins(12)+HMM	admixture	Accipitriformes_075_N717_to_Falconiformes	1078	47	365	10	0.25	1.0
BarycentricBins(12)+HMM	admixture	Accipitriformes_050_N717_to_Falconiformes	1115	10	368	7	0.25	1.0
BarycentricBins(12)+HMM	admixture	Accipitriformes_050_N717_to_Falconiformes	1371	54	71	4	0.05	1.0
BarycentricBins(12)+HMM	admixture	N275_050_N192_to_Opisthocomushoazin	648	552	126	174	0.2	1.0
BarycentricBins(12)+HMM	admixture	Cuculiformes_075_N275_to_N125	1425	0	0	75	0.05	1.0
BarycentricBins(12)+HMM	admixture	Accipitriformes_075_N717_to_Falconiformes	1380	45	75	0	0.05	1.0
BarycentricBins(12)+HMM	admixture	Accipitriformes_050_N717_to_Falconiformes	1301	49	148	2	0.1	1.0
BarycentricBins(12)+HMM	admixture	Accipitriformes_075_N717_to_Falconiformes	1425	45	30	0	0.02	1.0
BarycentricBins(12)+HMM	admixture	Cuculiformes_075_N275_to_N125	1200	0	0	300	0.2	1.0
BarycentricBins(12)+HMM	admixture	Accipitriformes_075_N717_to_Falconiformes	1310	40	150	0	0.1	1.0
BarycentricBins(12)+HMM	admixture	N275_050_N192_to_Opisthocomushoazin	705	645	58	92	0.1	1.0
BarycentricBins(12)+HMM	admixture	N275_050_N192_to_Opisthocomushoazin	604	521	183	192	0.25	1.0
BarycentricBins(12)+HMM	admixture	Accipitriformes_050_N717_to_Falconiformes	1431	39	28	2	0.02	1.0
BarycentricBins(12)+HMM	admixture	N275_075_N192_to_Opisthocomushoazin	599	526	161	214	0.25	1.0
BarycentricBins(12)+HMM	admixture	Accipitriformes_050_N717_to_Falconiformes	1088	187	198	27	0.15	1.0
BarycentricBins(12)+HMM	admixture	Cuculiformes_075_N275_to_N125	1470	0	0	30	0.02	1.0
BarycentricBins(12)+HMM	admixture	N275_050_N192_to_Opisthocomushoazin	778	647	45	30	0.05	1.0
BarycentricBins(12)+HMM	admixture	N275_050_N192_to_Opisthocomushoazin	889	581	14	16	0.02	1.0
BarycentricBins(12)+HMM	admixture	N275_075_N192_to_Opisthocomushoazin	805	470	116	109	0.15	1.0
BarycentricBins(12)+HMM	admixture	Accipitriformes_050_N717_to_Falconiformes	1152	48	285	15	0.2	1.0
BarycentricBins(12)+HMM	admixture	Cuculiformes_075_N275_to_N125	1350	0	0	150	0.1	1.0
BarycentricBins(12)+HMM	admixture	N275_075_N192_to_Opisthocomushoazin	745	725	15	15	0.02	1.0
BarycentricBins(12)+HMM	admixture	N275_050_N192_to_Opisthocomushoazin	660	615	114	111	0.15	1.0
BarycentricBins(12)+HMM	admixture	Cuculiformes_075_N275_to_N125	1124	1	0	375	0.25	1.0
BarycentricBins(12)+HMM	admixture	N275_075_N192_to_Opisthocomushoazin	837	588	55	20	0.05	1.0
TopologyOrder+HMM	admixture	Cuculiformes_050_N275_to_N125	1350	0	0	150	0.1	1.0
TopologyOrder+HMM	admixture	Cuculiformes_075_N275_to_N125	1275	0	0	225	0.15	1.0
TopologyOrder+HMM	admixture	Cuculiformes_050_N275_to_N125	1425	0	2	73	0.05	1.0
TopologyOrder+HMM	admixture	N275_075_N192_to_Opisthocomushoazin	804	396	195	105	0.2	1.0
TopologyOrder+HMM	admixture	Accipitriformes_075_N717_to_Falconiformes	1008	267	174	51	0.15	1.0
TopologyOrder+HMM	admixture	Cuculiformes_050_N275_to_N125	1125	0	0	375	0.25	1.0
TopologyOrder+HMM	admixture	Cuculiformes_050_N275_to_N125	1470	0	0	30	0.02	1.0
TopologyOrder+HMM	admixture	Accipitriformes_075_N717_to_Falconiformes	911	289	221	79	0.2	1.0
TopologyOrder+HMM	admixture	Cuculiformes_050_N275_to_N125	1200	0	0	300	0.2	1.0
TopologyOrder+HMM	admixture	Cuculiformes_050_N275_to_N125	1275	0	0	225	0.15	1.0
TopologyOrder+HMM	admixture	N275_075_N192_to_Opisthocomushoazin	917	433	100	50	0.1	1.0
TopologyOrder+HMM	admixture	Accipitriformes_075_N717_to_Falconiformes	783	342	251	124	0.25	1.0
TopologyOrder+HMM	admixture	Accipitriformes_050_N717_to_Falconiformes	745	380	249	126	0.25	1.0
TopologyOrder+HMM	admixture	Accipitriformes_050_N717_to_Falconiformes	1124	301	58	17	0.05	1.0
TopologyOrder+HMM	admixture	N275_050_N192_to_Opisthocomushoazin	792	408	199	101	0.2	1.0
TopologyOrder+HMM	admixture	Cuculiformes_075_N275_to_N125	1425	0	0	75	0.05	1.0
TopologyOrder+HMM	admixture	Accipitriformes_075_N717_to_Falconiformes	1008	417	48	27	0.05	1.0
TopologyOrder+HMM	admixture	Accipitriformes_050_N717_to_Falconiformes	1069	281	122	28	0.1	1.0
TopologyOrder+HMM	admixture	Accipitriformes_075_N717_to_Falconiformes	1159	311	25	5	0.02	1.0
TopologyOrder+HMM	admixture	Cuculiformes_075_N275_to_N125	1200	0	0	300	0.2	1.0
TopologyOrder+HMM	admixture	Accipitriformes_075_N717_to_Falconiformes	1027	323	110	40	0.1	1.0
TopologyOrder+HMM	admixture	N275_050_N192_to_Opisthocomushoazin	993	357	116	34	0.1	1.0
TopologyOrder+HMM	admixture	N275_050_N192_to_Opisthocomushoazin	738	387	249	126	0.25	1.0
TopologyOrder+HMM	admixture	Accipitriformes_050_N717_to_Falconiformes	1159	311	24	6	0.02	1.0
TopologyOrder+HMM	admixture	N275_075_N192_to_Opisthocomushoazin	1119	6	375	0	0.25	1.0
TopologyOrder+HMM	admixture	Accipitriformes_050_N717_to_Falconiformes	764	511	137	88	0.15	1.0
TopologyOrder+HMM	admixture	Cuculiformes_075_N275_to_N125	1470	0	0	30	0.02	1.0
TopologyOrder+HMM	admixture	N275_050_N192_to_Opisthocomushoazin	1053	372	55	20	0.05	1.0
TopologyOrder+HMM	admixture	N275_050_N192_to_Opisthocomushoazin	1053	417	20	10	0.02	1.0
TopologyOrder+HMM	admixture	N275_075_N192_to_Opisthocomushoazin	793	482	136	89	0.15	1.0
TopologyOrder+HMM	admixture	Accipitriformes_050_N717_to_Falconiformes	945	255	245	55	0.2	1.0
TopologyOrder+HMM	admixture	Cuculiformes_075_N275_to_N125	1350	0	0	150	0.1	1.0
TopologyOrder+HMM	admixture	N275_075_N192_to_Opisthocomushoazin	1061	409	22	8	0.02	1.0
TopologyOrder+HMM	admixture	N275_050_N192_to_Opisthocomushoazin	1268	7	225	0	0.15	1.0
TopologyOrder+HMM	admixture	Cuculiformes_075_N275_to_N125	1125	0	0	375	0.25	1.0
TopologyOrder+HMM	admixture	N275_075_N192_to_Opisthocomushoazin	1026	399	55	20	0.05	1.0
PresentBP+HMM	admixture	Cuculiformes_050_N275_to_N125	1350	0	0	150	0.1	1.0
PresentBP+HMM	admixture	Cuculiformes_075_N275_to_N125	1275	0	0	225	0.15	1.0
PresentBP+HMM	admixture	Cuculiformes_050_N275_to_N125	1425	0	0	75	0.05	1.0
PresentBP+HMM	admixture	N275_075_N192_to_Opisthocomushoazin	1200	0	300	0	0.2	1.0
PresentBP+HMM	admixture	Accipitriformes_075_N717_to_Falconiformes	1153	122	200	25	0.15	1.0
PresentBP+HMM	admixture	Cuculiformes_050_N275_to_N125	1125	0	0	375	0.25	1.0
PresentBP+HMM	admixture	Cuculiformes_050_N275_to_N125	1470	0	0	30	0.02	1.0
PresentBP+HMM	admixture	Accipitriformes_075_N717_to_Falconiformes	1081	119	265	35	0.2	1.0
PresentBP+HMM	admixture	Cuculiformes_050_N275_to_N125	1200	0	0	300	0.2	1.0
PresentBP+HMM	admixture	Cuculiformes_050_N275_to_N125	1275	0	0	225	0.15	1.0
PresentBP+HMM	admixture	N275_075_N192_to_Opisthocomushoazin	1350	0	150	0	0.1	1.0
PresentBP+HMM	admixture	Accipitriformes_075_N717_to_Falconiformes	1016	109	333	42	0.25	1.0
PresentBP+HMM	admixture	Accipitriformes_050_N717_to_Falconiformes	1124	1	375	0	0.25	1.0
PresentBP+HMM	admixture	Accipitriformes_050_N717_to_Falconiformes	1288	137	69	6	0.05	1.0
PresentBP+HMM	admixture	N275_050_N192_to_Opisthocomushoazin	1200	0	300	0	0.2	1.0
PresentBP+HMM	admixture	Cuculiformes_075_N275_to_N125	1425	0	0	75	0.05	1.0
PresentBP+HMM	admixture	Accipitriformes_075_N717_to_Falconiformes	1283	142	68	7	0.05	1.0
PresentBP+HMM	admixture	Accipitriformes_050_N717_to_Falconiformes	1222	128	141	9	0.1	1.0
PresentBP+HMM	admixture	Accipitriformes_075_N717_to_Falconiformes	1324	146	29	1	0.02	1.0
PresentBP+HMM	admixture	Cuculiformes_075_N275_to_N125	1200	0	0	300	0.2	1.0
PresentBP+HMM	admixture	Accipitriformes_075_N717_to_Falconiformes	1224	126	134	16	0.1	1.0
PresentBP+HMM	admixture	N275_050_N192_to_Opisthocomushoazin	1350	0	150	0	0.1	1.0
PresentBP+HMM	admixture	N275_050_N192_to_Opisthocomushoazin	1125	0	375	0	0.25	1.0
PresentBP+HMM	admixture	Accipitriformes_050_N717_to_Falconiformes	1329	141	29	1	0.02	1.0
PresentBP+HMM	admixture	N275_075_N192_to_Opisthocomushoazin	1125	0	375	0	0.25	1.0
PresentBP+HMM	admixture	Accipitriformes_050_N717_to_Falconiformes	1147	128	215	10	0.15	1.0
PresentBP+HMM	admixture	Cuculiformes_075_N275_to_N125	1470	0	0	30	0.02	1.0
PresentBP+HMM	admixture	N275_050_N192_to_Opisthocomushoazin	1425	0	75	0	0.05	1.0
PresentBP+HMM	admixture	N275_050_N192_to_Opisthocomushoazin	1470	0	30	0	0.02	1.0
PresentBP+HMM	admixture	N275_075_N192_to_Opisthocomushoazin	1275	0	225	0	0.15	1.0
PresentBP+HMM	admixture	Accipitriformes_050_N717_to_Falconiformes	1087	113	285	15	0.2	1.0
PresentBP+HMM	admixture	Cuculiformes_075_N275_to_N125	1350	0	0	150	0.1	1.0
PresentBP+HMM	admixture	N275_075_N192_to_Opisthocomushoazin	1470	0	30	0	0.02	1.0
PresentBP+HMM	admixture	N275_050_N192_to_Opisthocomushoazin	1275	0	225	0	0.15	1.0
PresentBP+HMM	admixture	Cuculiformes_075_N275_to_N125	1124	1	0	375	0.25	1.0
PresentBP+HMM	admixture	N275_075_N192_to_Opisthocomushoazin	1425	0	75	0	0.05	1.0
BarycentricBins(12)+HMM	population_size_change	N716_10X_up	1184	16	300	0	0.2	1.0
BarycentricBins(12)+HMM	population_size_change	N274_10X_down	816	534	116	34	0.1	1.0
BarycentricBins(12)+HMM	population_size_change	N299_10X_down	940	530	5	25	0.02	1.0
BarycentricBins(12)+HMM	population_size_change	N220_10X_up	743	457	217	83	0.2	1.0
BarycentricBins(12)+HMM	population_size_change	N238_10X_up	1072	53	352	23	0.25	1.0
BarycentricBins(12)+HMM	population_size_change	N717_10X_down	1208	67	29	196	0.15	1.0
BarycentricBins(12)+HMM	population_size_change	N274_10X_down	860	565	64	11	0.05	1.0
BarycentricBins(12)+HMM	population_size_change	N119_10X_down	866	559	43	32	0.05	1.0
BarycentricBins(12)+HMM	population_size_change	N299_10X_down	781	344	279	96	0.25	1.0
BarycentricBins(12)+HMM	population_size_change	N238_10X_up	1387	83	22	8	0.02	1.0
BarycentricBins(12)+HMM	population_size_change	N716_10X_up	1399	26	73	2	0.05	1.0
BarycentricBins(12)+HMM	population_size_change	N717_10X_down	1314	111	75	0	0.05	1.0
BarycentricBins(12)+HMM	population_size_change	N220_10X_up	678	672	141	9	0.1	1.0
BarycentricBins(12)+HMM	population_size_change	N716_10X_up	1111	14	375	0	0.25	1.0
BarycentricBins(12)+HMM	population_size_change	N274_10X_down	741	534	180	45	0.15	1.0
BarycentricBins(12)+HMM	population_size_change	N716_10X_up	1266	9	225	0	0.15	1.0
BarycentricBins(12)+HMM	population_size_change	N118_10X_up	668	682	97	53	0.1	1.0
BarycentricBins(12)+HMM	population_size_change	N220_10X_up	1078	392	15	15	0.02	1.0
BarycentricBins(12)+HMM	population_size_change	N498_10X_down	661	464	147	228	0.25	1.0
BarycentricBins(12)+HMM	population_size_change	N716_10X_up	1440	30	28	2	0.02	1.0
BarycentricBins(12)+HMM	population_size_change	N274_10X_down	885	585	29	1	0.02	1.0
BarycentricBins(12)+HMM	population_size_change	N118_10X_up	922	548	19	11	0.02	1.0
BarycentricBins(12)+HMM	population_size_change	N620_10X_up	703	422	238	137	0.25	1.0
BarycentricBins(12)+HMM	population_size_change	N498_10X_down	923	547	10	20	0.02	1.0
BarycentricBins(12)+HMM	population_size_change	N717_10X_down	1235	115	146	4	0.1	1.0
BarycentricBins(12)+HMM	population_size_change	N716_10X_up	1322	28	148	2	0.1	1.0
BarycentricBins(12)+HMM	population_size_change	N238_10X_up	1363	62	66	9	0.05	1.0
BarycentricBins(12)+HMM	population_size_change	N118_10X_up	774	501	130	95	0.15	1.0
BarycentricBins(12)+HMM	population_size_change	N620_10X_up	1179	246	72	3	0.05	1.0
BarycentricBins(12)+HMM	population_size_change	N119_10X_down	886	584	20	10	0.02	1.0
BarycentricBins(12)+HMM	population_size_change	N238_10X_up	1106	94	269	31	0.2	1.0
BarycentricBins(12)+HMM	population_size_change	N274_10X_down	540	585	322	53	0.25	1.0
BarycentricBins(12)+HMM	population_size_change	N717_10X_down	1180	20	0	300	0.2	1.0
BarycentricBins(12)+HMM	population_size_change	N299_10X_down	830	520	59	91	0.1	1.0
BarycentricBins(12)+HMM	population_size_change	N119_10X_down	692	583	171	54	0.15	1.0
BarycentricBins(12)+HMM	population_size_change	N118_10X_up	653	547	167	133	0.2	1.0
BarycentricBins(12)+HMM	population_size_change	N220_10X_up	794	331	287	88	0.25	1.0
BarycentricBins(12)+HMM	population_size_change	N118_10X_up	595	530	217	158	0.25	1.0
BarycentricBins(12)+HMM	population_size_change	N299_10X_down	699	501	240	60	0.2	1.0
BarycentricBins(12)+HMM	population_size_change	N299_10X_down	952	473	40	35	0.05	1.0
BarycentricBins(12)+HMM	population_size_change	N220_10X_up	941	334	193	32	0.15	1.0
BarycentricBins(12)+HMM	population_size_change	N274_10X_down	562	638	237	63	0.2	1.0
BarycentricBins(12)+HMM	population_size_change	N118_10X_up	710	715	42	33	0.05	1.0
BarycentricBins(12)+HMM	population_size_change	N620_10X_up	1217	253	30	0	0.02	1.0
BarycentricBins(12)+HMM	population_size_change	N498_10X_down	771	429	223	77	0.2	1.0
BarycentricBins(12)+HMM	population_size_change	N299_10X_down	796	479	102	123	0.15	1.0
BarycentricBins(12)+HMM	population_size_change	N620_10X_up	1056	144	272	28	0.2	1.0
BarycentricBins(12)+HMM	population_size_change	N119_10X_down	586	539	277	98	0.25	1.0
BarycentricBins(12)+HMM	population_size_change	N717_10X_down	1357	113	30	0	0.02	1.0
BarycentricBins(12)+HMM	population_size_change	N498_10X_down	1082	343	46	29	0.05	1.0
BarycentricBins(12)+HMM	population_size_change	N717_10X_down	1123	2	15	360	0.25	1.0
BarycentricBins(12)+HMM	population_size_change	N620_10X_up	1175	175	135	15	0.1	1.0
BarycentricBins(12)+HMM	population_size_change	N220_10X_up	752	673	67	8	0.05	1.0
BarycentricBins(12)+HMM	population_size_change	N498_10X_down	1002	273	168	57	0.15	1.0
BarycentricBins(12)+HMM	population_size_change	N238_10X_up	885	390	160	65	0.15	1.0
BarycentricBins(12)+HMM	population_size_change	N119_10X_down	585	615	209	91	0.2	1.0
BarycentricBins(12)+HMM	population_size_change	N620_10X_up	993	282	200	25	0.15	1.0
BarycentricBins(12)+HMM	population_size_change	N238_10X_up	1303	47	127	23	0.1	1.0
BarycentricBins(12)+HMM	population_size_change	N498_10X_down	1000	350	113	37	0.1	1.0
BarycentricBins(12)+HMM	population_size_change	N119_10X_down	758	592	107	43	0.1	1.0
TopologyOrder+HMM	population_size_change	N716_10X_up	939	261	241	59	0.2	1.0
TopologyOrder+HMM	population_size_change	N274_10X_down	1350	0	4	146	0.1	1.0
TopologyOrder+HMM	population_size_change	N299_10X_down	1148	322	18	12	0.02	1.0
TopologyOrder+HMM	population_size_change	N220_10X_up	1036	164	250	50	0.2	1.0
TopologyOrder+HMM	population_size_change	N238_10X_up	818	307	273	102	0.25	1.0
TopologyOrder+HMM	population_size_change	N717_10X_down	1275	0	4	221	0.15	1.0
TopologyOrder+HMM	population_size_change	N274_10X_down	1085	340	16	59	0.05	1.0
TopologyOrder+HMM	population_size_change	N119_10X_down	1036	389	52	23	0.05	1.0
TopologyOrder+HMM	population_size_change	N299_10X_down	582	543	184	191	0.25	1.0
TopologyOrder+HMM	population_size_change	N238_10X_up	1469	1	30	0	0.02	1.0
TopologyOrder+HMM	population_size_change	N716_10X_up	1203	222	61	14	0.05	1.0
TopologyOrder+HMM	population_size_change	N717_10X_down	1424	1	0	75	0.05	1.0
TopologyOrder+HMM	population_size_change	N220_10X_up	1066	284	106	44	0.1	1.0
TopologyOrder+HMM	population_size_change	N716_10X_up	773	352	263	112	0.25	1.0
TopologyOrder+HMM	population_size_change	N274_10X_down	1235	40	0	225	0.15	1.0
TopologyOrder+HMM	population_size_change	N716_10X_up	1008	267	179	46	0.15	1.0
TopologyOrder+HMM	population_size_change	N118_10X_up	1309	41	150	0	0.1	1.0
TopologyOrder+HMM	population_size_change	N220_10X_up	1251	219	23	7	0.02	1.0
TopologyOrder+HMM	population_size_change	N498_10X_down	1070	55	351	24	0.25	1.0
TopologyOrder+HMM	population_size_change	N716_10X_up	1162	308	22	8	0.02	1.0
TopologyOrder+HMM	population_size_change	N274_10X_down	1232	238	17	13	0.02	1.0
TopologyOrder+HMM	population_size_change	N118_10X_up	1336	134	30	0	0.02	1.0
TopologyOrder+HMM	population_size_change	N620_10X_up	931	194	339	36	0.25	1.0
TopologyOrder+HMM	population_size_change	N498_10X_down	1347	123	29	1	0.02	1.0
TopologyOrder+HMM	population_size_change	N717_10X_down	1343	7	0	150	0.1	1.0
TopologyOrder+HMM	population_size_change	N716_10X_up	1152	198	126	24	0.1	1.0
TopologyOrder+HMM	population_size_change	N238_10X_up	964	461	52	23	0.05	1.0
TopologyOrder+HMM	population_size_change	N118_10X_up	906	369	161	64	0.15	1.0
TopologyOrder+HMM	population_size_change	N620_10X_up	1330	95	62	13	0.05	1.0
TopologyOrder+HMM	population_size_change	N119_10X_down	1041	429	20	10	0.02	1.0
TopologyOrder+HMM	population_size_change	N238_10X_up	873	327	214	86	0.2	1.0
TopologyOrder+HMM	population_size_change	N274_10X_down	1102	23	0	375	0.25	1.0
TopologyOrder+HMM	population_size_change	N717_10X_down	1200	0	4	296	0.2	1.0
TopologyOrder+HMM	population_size_change	N299_10X_down	1113	237	111	39	0.1	1.0
TopologyOrder+HMM	population_size_change	N119_10X_down	848	427	124	101	0.15	1.0
TopologyOrder+HMM	population_size_change	N118_10X_up	844	356	219	81	0.2	1.0
TopologyOrder+HMM	population_size_change	N220_10X_up	998	127	323	52	0.25	1.0
TopologyOrder+HMM	population_size_change	N118_10X_up	629	496	219	156	0.25	1.0
TopologyOrder+HMM	population_size_change	N299_10X_down	927	273	223	77	0.2	1.0
TopologyOrder+HMM	population_size_change	N299_10X_down	866	559	52	23	0.05	1.0
TopologyOrder+HMM	population_size_change	N220_10X_up	1089	186	187	38	0.15	1.0
TopologyOrder+HMM	population_size_change	N274_10X_down	1192	8	7	293	0.2	1.0
TopologyOrder+HMM	population_size_change	N118_10X_up	1133	292	59	16	0.05	1.0
TopologyOrder+HMM	population_size_change	N620_10X_up	1431	39	30	0	0.02	1.0
TopologyOrder+HMM	population_size_change	N498_10X_down	833	367	173	127	0.2	1.0
TopologyOrder+HMM	population_size_change	N299_10X_down	824	451	137	88	0.15	1.0
TopologyOrder+HMM	population_size_change	N620_10X_up	1129	71	295	5	0.2	1.0
TopologyOrder+HMM	population_size_change	N119_10X_down	810	315	375	0	0.25	1.0
TopologyOrder+HMM	population_size_change	N717_10X_down	1034	436	16	14	0.02	1.0
TopologyOrder+HMM	population_size_change	N498_10X_down	1295	130	60	15	0.05	1.0
TopologyOrder+HMM	population_size_change	N717_10X_down	1123	2	4	371	0.25	1.0
TopologyOrder+HMM	population_size_change	N620_10X_up	1224	126	136	14	0.1	1.0
TopologyOrder+HMM	population_size_change	N220_10X_up	1185	240	50	25	0.05	1.0
TopologyOrder+HMM	population_size_change	N498_10X_down	1195	80	209	16	0.15	1.0
TopologyOrder+HMM	population_size_change	N238_10X_up	1224	51	219	6	0.15	1.0
TopologyOrder+HMM	population_size_change	N119_10X_down	1155	45	6	294	0.2	1.0
TopologyOrder+HMM	population_size_change	N620_10X_up	1188	87	208	17	0.15	1.0
TopologyOrder+HMM	population_size_change	N238_10X_up	972	378	111	39	0.1	1.0
TopologyOrder+HMM	population_size_change	N498_10X_down	1264	86	132	18	0.1	1.0
TopologyOrder+HMM	population_size_change	N119_10X_down	964	386	94	56	0.1	1.0
PresentBP+HMM	population_size_change	N716_10X_up	967	233	255	45	0.2	1.0
PresentBP+HMM	population_size_change	N274_10X_down	1350	0	15	135	0.1	1.0
PresentBP+HMM	population_size_change	N299_10X_down	1470	0	30	0	0.02	1.0
PresentBP+HMM	population_size_change	N220_10X_up	1193	7	180	120	0.2	1.0
PresentBP+HMM	population_size_change	N238_10X_up	1124	1	375	0	0.25	1.0
PresentBP+HMM	population_size_change	N717_10X_down	1275	0	4	221	0.15	1.0
PresentBP+HMM	population_size_change	N274_10X_down	1425	0	75	0	0.05	1.0
PresentBP+HMM	population_size_change	N119_10X_down	1425	0	75	0	0.05	1.0
PresentBP+HMM	population_size_change	N299_10X_down	1125	0	375	0	0.25	1.0
PresentBP+HMM	population_size_change	N238_10X_up	1470	0	30	0	0.02	1.0
PresentBP+HMM	population_size_change	N716_10X_up	1180	245	64	11	0.05	1.0
PresentBP+HMM	population_size_change	N717_10X_down	1425	0	0	75	0.05	1.0
PresentBP+HMM	population_size_change	N220_10X_up	1349	1	150	0	0.1	1.0
PresentBP+HMM	population_size_change	N716_10X_up	1125	0	375	0	0.25	1.0
PresentBP+HMM	population_size_change	N274_10X_down	1275	0	5	220	0.15	1.0
PresentBP+HMM	population_size_change	N716_10X_up	1048	227	193	32	0.15	1.0
PresentBP+HMM	population_size_change	N118_10X_up	1350	0	150	0	0.1	1.0
PresentBP+HMM	population_size_change	N220_10X_up	1469	1	30	0	0.02	1.0
PresentBP+HMM	population_size_change	N498_10X_down	1125	0	375	0	0.25	1.0
PresentBP+HMM	population_size_change	N716_10X_up	1215	255	27	3	0.02	1.0
PresentBP+HMM	population_size_change	N274_10X_down	1470	0	30	0	0.02	1.0
PresentBP+HMM	population_size_change	N118_10X_up	1470	0	30	0	0.02	1.0
PresentBP+HMM	population_size_change	N620_10X_up	1123	2	371	4	0.25	1.0
PresentBP+HMM	population_size_change	N498_10X_down	1470	0	30	0	0.02	1.0
PresentBP+HMM	population_size_change	N717_10X_down	1350	0	13	137	0.1	1.0
PresentBP+HMM	population_size_change	N716_10X_up	1093	257	122	28	0.1	1.0
PresentBP+HMM	population_size_change	N238_10X_up	1425	0	75	0	0.05	1.0
PresentBP+HMM	population_size_change	N118_10X_up	1275	0	225	0	0.15	1.0
PresentBP+HMM	population_size_change	N620_10X_up	1425	0	75	0	0.05	1.0
PresentBP+HMM	population_size_change	N119_10X_down	1470	0	30	0	0.02	1.0
PresentBP+HMM	population_size_change	N238_10X_up	1199	1	300	0	0.2	1.0
PresentBP+HMM	population_size_change	N274_10X_down	1119	6	110	265	0.25	1.0
PresentBP+HMM	population_size_change	N717_10X_down	1194	6	0	300	0.2	1.0
PresentBP+HMM	population_size_change	N299_10X_down	1350	0	150	0	0.1	1.0
PresentBP+HMM	population_size_change	N119_10X_down	1273	2	209	16	0.15	1.0
PresentBP+HMM	population_size_change	N118_10X_up	1200	0	300	0	0.2	1.0
PresentBP+HMM	population_size_change	N220_10X_up	1124	1	375	0	0.25	1.0
PresentBP+HMM	population_size_change	N118_10X_up	1125	0	375	0	0.25	1.0
PresentBP+HMM	population_size_change	N299_10X_down	1200	0	300	0	0.2	1.0
PresentBP+HMM	population_size_change	N299_10X_down	1425	0	75	0	0.05	1.0
PresentBP+HMM	population_size_change	N220_10X_up	1274	1	225	0	0.15	1.0
PresentBP+HMM	population_size_change	N274_10X_down	1194	6	258	42	0.2	1.0
PresentBP+HMM	population_size_change	N118_10X_up	1425	0	75	0	0.05	1.0
PresentBP+HMM	population_size_change	N620_10X_up	1470	0	30	0	0.02	1.0
PresentBP+HMM	population_size_change	N498_10X_down	1200	0	300	0	0.2	1.0
PresentBP+HMM	population_size_change	N299_10X_down	1275	0	225	0	0.15	1.0
PresentBP+HMM	population_size_change	N620_10X_up	1200	0	300	0	0.2	1.0
PresentBP+HMM	population_size_change	N119_10X_down	1124	1	319	56	0.25	1.0
PresentBP+HMM	population_size_change	N717_10X_down	1464	6	0	30	0.02	1.0
PresentBP+HMM	population_size_change	N498_10X_down	1425	0	75	0	0.05	1.0
PresentBP+HMM	population_size_change	N717_10X_down	1124	1	0	375	0.25	1.0
PresentBP+HMM	population_size_change	N620_10X_up	1350	0	150	0	0.1	1.0
PresentBP+HMM	population_size_change	N220_10X_up	1424	1	75	0	0.05	1.0
PresentBP+HMM	population_size_change	N498_10X_down	1275	0	225	0	0.15	1.0
PresentBP+HMM	population_size_change	N238_10X_up	1275	0	225	0	0.15	1.0
PresentBP+HMM	population_size_change	N119_10X_down	1198	2	272	28	0.2	1.0
PresentBP+HMM	population_size_change	N620_10X_up	1275	0	225	0	0.15	1.0
PresentBP+HMM	population_size_change	N238_10X_up	1350	0	150	0	0.1	1.0
PresentBP+HMM	population_size_change	N498_10X_down	1350	0	150	0	0.1	1.0
PresentBP+HMM	population_size_change	N119_10X_down	1350	0	150	0	0.1	1.0
BarycentricBins(12)+HMM	recombination_suppression	rs_neoaves_d1052388_t7191688	829	596	45	30	0.05	1.0
BarycentricBins(12)+HMM	recombination_suppression	rs_neoaves_d1052388_t7023306	861	609	18	12	0.02	1.0
BarycentricBins(12)+HMM	recombination_suppression	rs_neoaves_d1052388_t7191688	745	455	204	96	0.2	1.0
BarycentricBins(12)+HMM	recombination_suppression	rs_neoaves_d420955_t7023306	783	492	148	77	0.15	1.0
BarycentricBins(12)+HMM	recombination_suppression	rs_neoaves_d1052388_t7507405	675	450	223	152	0.25	1.0
BarycentricBins(12)+HMM	recombination_suppression	rs_neoaves_d1052388_t7191688	777	573	91	59	0.1	1.0
BarycentricBins(12)+HMM	recombination_suppression	rs_neoaves_d1052388_t7507405	844	626	13	17	0.02	1.0
BarycentricBins(12)+HMM	recombination_suppression	rs_neoaves_d1052388_t7191688	716	409	250	125	0.25	1.0
BarycentricBins(12)+HMM	recombination_suppression	rs_neoaves_d420955_t7023306	741	459	189	111	0.2	1.0
BarycentricBins(12)+HMM	recombination_suppression	rs_neoaves_d210477_t7507405	771	504	138	87	0.15	1.0
BarycentricBins(12)+HMM	recombination_suppression	rs_neoaves_d210477_t7507405	716	409	250	125	0.25	1.0
BarycentricBins(12)+HMM	recombination_suppression	rs_neoaves_d420955_t7507405	829	596	41	34	0.05	1.0
BarycentricBins(12)+HMM	recombination_suppression	rs_neoaves_d420955_t7191688	773	502	140	85	0.15	1.0
BarycentricBins(12)+HMM	recombination_suppression	rs_neoaves_d1052388_t7023306	874	551	49	26	0.05	1.0
BarycentricBins(12)+HMM	recombination_suppression	rs_neoaves_d210477_t7191688	866	604	16	14	0.02	1.0
BarycentricBins(12)+HMM	recombination_suppression	rs_neoaves_d210477_t7191688	727	398	272	103	0.25	1.0
BarycentricBins(12)+HMM	recombination_suppression	rs_neoaves_d420955_t7023306	840	630	20	10	0.02	1.0
BarycentricBins(12)+HMM	recombination_suppression	rs_neoaves_d210477_t7507405	835	635	14	16	0.02	1.0
BarycentricBins(12)+HMM	recombination_suppression	rs_neoaves_d1052388_t7191688	759	516	151	74	0.15	1.0
BarycentricBins(12)+HMM	recombination_suppression	rs_neoaves_d210477_t7023306	654	471	233	142	0.25	1.0
BarycentricBins(12)+HMM	recombination_suppression	rs_neoaves_d1052388_t7023306	741	459	206	94	0.2	1.0
BarycentricBins(12)+HMM	recombination_suppression	rs_neoaves_d210477_t7023306	705	495	188	112	0.2	1.0
BarycentricBins(12)+HMM	recombination_suppression	rs_neoaves_d420955_t7023306	664	461	233	142	0.25	1.0
BarycentricBins(12)+HMM	recombination_suppression	rs_neoaves_d210477_t7507405	759	591	87	63	0.1	1.0
BarycentricBins(12)+HMM	recombination_suppression	rs_neoaves_d1052388_t7191688	832	638	18	12	0.02	1.0
BarycentricBins(12)+HMM	recombination_suppression	rs_neoaves_d1052388_t7507405	774	576	85	65	0.1	1.0
BarycentricBins(12)+HMM	recombination_suppression	rs_neoaves_d420955_t7023306	822	528	99	51	0.1	1.0
BarycentricBins(12)+HMM	recombination_suppression	rs_neoaves_d420955_t7507405	731	544	132	93	0.15	1.0
BarycentricBins(12)+HMM	recombination_suppression	rs_neoaves_d420955_t7507405	846	624	15	15	0.02	1.0
BarycentricBins(12)+HMM	recombination_suppression	rs_neoaves_d1052388_t7507405	767	508	145	80	0.15	1.0
BarycentricBins(12)+HMM	recombination_suppression	rs_neoaves_d420955_t7191688	871	599	19	11	0.02	1.0
BarycentricBins(12)+HMM	recombination_suppression	rs_neoaves_d210477_t7023306	815	535	100	50	0.1	1.0
BarycentricBins(12)+HMM	recombination_suppression	rs_neoaves_d420955_t7023306	824	601	48	27	0.05	1.0
BarycentricBins(12)+HMM	recombination_suppression	rs_neoaves_d1052388_t7023306	712	413	265	110	0.25	1.0
BarycentricBins(12)+HMM	recombination_suppression	rs_neoaves_d420955_t7191688	723	477	188	112	0.2	1.0
BarycentricBins(12)+HMM	recombination_suppression	rs_neoaves_d210477_t7507405	816	609	39	36	0.05	1.0
BarycentricBins(12)+HMM	recombination_suppression	rs_neoaves_d420955_t7507405	805	545	89	61	0.1	1.0
BarycentricBins(12)+HMM	recombination_suppression	rs_neoaves_d1052388_t7507405	811	614	43	32	0.05	1.0
BarycentricBins(12)+HMM	recombination_suppression	rs_neoaves_d1052388_t7023306	787	488	156	69	0.15	1.0
BarycentricBins(12)+HMM	recombination_suppression	rs_neoaves_d420955_t7507405	703	422	240	135	0.25	1.0
BarycentricBins(12)+HMM	recombination_suppression	rs_neoaves_d210477_t7023306	741	534	139	86	0.15	1.0
BarycentricBins(12)+HMM	recombination_suppression	rs_neoaves_d210477_t7023306	850	575	50	25	0.05	1.0
BarycentricBins(12)+HMM	recombination_suppression	rs_neoaves_d420955_t7191688	663	462	227	148	0.25	1.0
BarycentricBins(12)+HMM	recombination_suppression	rs_neoaves_d210477_t7191688	859	566	46	29	0.05	1.0
BarycentricBins(12)+HMM	recombination_suppression	rs_neoaves_d420955_t7191688	802	548	91	59	0.1	1.0
BarycentricBins(12)+HMM	recombination_suppression	rs_neoaves_d210477_t7191688	791	484	142	83	0.15	1.0
BarycentricBins(12)+HMM	recombination_suppression	rs_neoaves_d1052388_t7023306	826	524	104	46	0.1	1.0
BarycentricBins(12)+HMM	recombination_suppression	rs_neoaves_d210477_t7191688	701	499	194	106	0.2	1.0
BarycentricBins(12)+HMM	recombination_suppression	rs_neoaves_d420955_t7507405	725	475	185	115	0.2	1.0
BarycentricBins(12)+HMM	recombination_suppression	rs_neoaves_d210477_t7191688	830	520	98	52	0.1	1.0
BarycentricBins(12)+HMM	recombination_suppression	rs_neoaves_d210477_t7507405	728	472	189	111	0.2	1.0
BarycentricBins(12)+HMM	recombination_suppression	rs_neoaves_d420955_t7191688	833	592	49	26	0.05	1.0
BarycentricBins(12)+HMM	recombination_suppression	rs_neoaves_d210477_t7023306	883	587	19	11	0.02	1.0
BarycentricBins(12)+HMM	recombination_suppression	rs_neoaves_d1052388_t7507405	711	489	181	119	0.2	1.0
TopologyOrder+HMM	recombination_suppression	rs_neoaves_d1052388_t7191688	796	629	33	42	0.05	1.0
TopologyOrder+HMM	recombination_suppression	rs_neoaves_d1052388_t7023306	841	629	15	15	0.02	1.0
TopologyOrder+HMM	recombination_suppression	rs_neoaves_d1052388_t7191688	682	518	156	144	0.2	1.0
TopologyOrder+HMM	recombination_suppression	rs_neoaves_d420955_t7023306	714	561	119	106	0.15	1.0
TopologyOrder+HMM	recombination_suppression	rs_neoaves_d1052388_t7507405	606	519	187	188	0.25	1.0
TopologyOrder+HMM	recombination_suppression	rs_neoaves_d1052388_t7191688	764	586	74	76	0.1	1.0
TopologyOrder+HMM	recombination_suppression	rs_neoaves_d1052388_t7507405	827	643	18	12	0.02	1.0
TopologyOrder+HMM	recombination_suppression	rs_neoaves_d1052388_t7191688	638	487	201	174	0.25	1.0
TopologyOrder+HMM	recombination_suppression	rs_neoaves_d420955_t7023306	662	538	164	136	0.2	1.0
TopologyOrder+HMM	recombination_suppression	rs_neoaves_d210477_t7507405	727	548	128	97	0.15	1.0
TopologyOrder+HMM	recombination_suppression	rs_neoaves_d210477_t7507405	607	518	192	183	0.25	1.0
TopologyOrder+HMM	recombination_suppression	rs_neoaves_d420955_t7507405	819	606	43	32	0.05	1.0
TopologyOrder+HMM	recombination_suppression	rs_neoaves_d420955_t7191688	727	548	130	95	0.15	1.0
TopologyOrder+HMM	recombination_suppression	rs_neoaves_d1052388_t7023306	818	607	36	39	0.05	1.0
TopologyOrder+HMM	recombination_suppression	rs_neoaves_d210477_t7191688	839	631	17	13	0.02	1.0
TopologyOrder+HMM	recombination_suppression	rs_neoaves_d210477_t7191688	638	487	196	179	0.25	1.0
TopologyOrder+HMM	recombination_suppression	rs_neoaves_d420955_t7023306	825	645	13	17	0.02	1.0
TopologyOrder+HMM	recombination_suppression	rs_neoaves_d210477_t7507405	841	629	18	12	0.02	1.0
TopologyOrder+HMM	recombination_suppression	rs_neoaves_d1052388_t7191688	729	546	115	110	0.15	1.0
TopologyOrder+HMM	recombination_suppression	rs_neoaves_d210477_t7023306	650	475	194	181	0.25	1.0
TopologyOrder+HMM	recombination_suppression	rs_neoaves_d1052388_t7023306	657	543	148	152	0.2	1.0
TopologyOrder+HMM	recombination_suppression	rs_neoaves_d210477_t7023306	660	540	147	153	0.2	1.0
TopologyOrder+HMM	recombination_suppression	rs_neoaves_d420955_t7023306	624	501	199	176	0.25	1.0
TopologyOrder+HMM	recombination_suppression	rs_neoaves_d210477_t7507405	763	587	80	70	0.1	1.0
TopologyOrder+HMM	recombination_suppression	rs_neoaves_d1052388_t7191688	831	639	15	15	0.02	1.0
TopologyOrder+HMM	recombination_suppression	rs_neoaves_d1052388_t7507405	712	638	74	76	0.1	1.0
TopologyOrder+HMM	recombination_suppression	rs_neoaves_d420955_t7023306	791	559	79	71	0.1	1.0
TopologyOrder+HMM	recombination_suppression	rs_neoaves_d420955_t7507405	691	584	121	104	0.15	1.0
TopologyOrder+HMM	recombination_suppression	rs_neoaves_d420955_t7507405	831	639	14	16	0.02	1.0
TopologyOrder+HMM	recombination_suppression	rs_neoaves_d1052388_t7507405	685	590	111	114	0.15	1.0
TopologyOrder+HMM	recombination_suppression	rs_neoaves_d420955_t7191688	838	632	14	16	0.02	1.0
TopologyOrder+HMM	recombination_suppression	rs_neoaves_d210477_t7023306	772	578	77	73	0.1	1.0
TopologyOrder+HMM	recombination_suppression	rs_neoaves_d420955_t7023306	812	613	37	38	0.05	1.0
TopologyOrder+HMM	recombination_suppression	rs_neoaves_d1052388_t7023306	555	570	199	176	0.25	1.0
TopologyOrder+HMM	recombination_suppression	rs_neoaves_d420955_t7191688	606	594	146	154	0.2	1.0
TopologyOrder+HMM	recombination_suppression	rs_neoaves_d210477_t7507405	749	676	39	36	0.05	1.0
TopologyOrder+HMM	recombination_suppression	rs_neoaves_d420955_t7507405	734	616	82	68	0.1	1.0
TopologyOrder+HMM	recombination_suppression	rs_neoaves_d1052388_t7507405	808	617	42	33	0.05	1.0
TopologyOrder+HMM	recombination_suppression	rs_neoaves_d1052388_t7023306	717	558	120	105	0.15	1.0
TopologyOrder+HMM	recombination_suppression	rs_neoaves_d420955_t7507405	647	478	204	171	0.25	1.0
TopologyOrder+HMM	recombination_suppression	rs_neoaves_d210477_t7023306	663	612	106	119	0.15	1.0
TopologyOrder+HMM	recombination_suppression	rs_neoaves_d210477_t7023306	827	598	36	39	0.05	1.0
TopologyOrder+HMM	recombination_suppression	rs_neoaves_d420955_t7191688	596	529	218	157	0.25	1.0
TopologyOrder+HMM	recombination_suppression	rs_neoaves_d210477_t7191688	782	643	42	33	0.05	1.0
TopologyOrder+HMM	recombination_suppression	rs_neoaves_d420955_t7191688	768	582	90	60	0.1	1.0
TopologyOrder+HMM	recombination_suppression	rs_neoaves_d210477_t7191688	648	627	119	106	0.15	1.0
TopologyOrder+HMM	recombination_suppression	rs_neoaves_d1052388_t7023306	689	661	62	88	0.1	1.0
TopologyOrder+HMM	recombination_suppression	rs_neoaves_d210477_t7191688	655	545	179	121	0.2	1.0
TopologyOrder+HMM	recombination_suppression	rs_neoaves_d420955_t7507405	657	543	161	139	0.2	1.0
TopologyOrder+HMM	recombination_suppression	rs_neoaves_d210477_t7191688	722	628	83	67	0.1	1.0
TopologyOrder+HMM	recombination_suppression	rs_neoaves_d210477_t7507405	688	512	165	135	0.2	1.0
TopologyOrder+HMM	recombination_suppression	rs_neoaves_d420955_t7191688	833	592	41	34	0.05	1.0
TopologyOrder+HMM	recombination_suppression	rs_neoaves_d210477_t7023306	834	636	16	14	0.02	1.0
TopologyOrder+HMM	recombination_suppression	rs_neoaves_d1052388_t7507405	593	607	158	142	0.2	1.0
PresentBP+HMM	recombination_suppression	rs_neoaves_d1052388_t7191688	1425	0	75	0	0.05	1.0
PresentBP+HMM	recombination_suppression	rs_neoaves_d1052388_t7023306	1463	7	30	0	0.02	1.0
PresentBP+HMM	recombination_suppression	rs_neoaves_d1052388_t7191688	1200	0	300	0	0.2	1.0
PresentBP+HMM	recombination_suppression	rs_neoaves_d420955_t7023306	1236	39	199	26	0.15	1.0
PresentBP+HMM	recombination_suppression	rs_neoaves_d1052388_t7507405	1118	7	373	2	0.25	1.0
PresentBP+HMM	recombination_suppression	rs_neoaves_d1052388_t7191688	1345	5	150	0	0.1	1.0
PresentBP+HMM	recombination_suppression	rs_neoaves_d1052388_t7507405	1463	7	30	0	0.02	1.0
PresentBP+HMM	recombination_suppression	rs_neoaves_d1052388_t7191688	1120	5	375	0	0.25	1.0
PresentBP+HMM	recombination_suppression	rs_neoaves_d420955_t7023306	1159	41	273	27	0.2	1.0
PresentBP+HMM	recombination_suppression	rs_neoaves_d210477_t7507405	1268	7	225	0	0.15	1.0
PresentBP+HMM	recombination_suppression	rs_neoaves_d210477_t7507405	1119	6	374	1	0.25	1.0
PresentBP+HMM	recombination_suppression	rs_neoaves_d420955_t7507405	1418	7	75	0	0.05	1.0
PresentBP+HMM	recombination_suppression	rs_neoaves_d420955_t7191688	1268	7	225	0	0.15	1.0
PresentBP+HMM	recombination_suppression	rs_neoaves_d1052388_t7023306	1418	7	75	0	0.05	1.0
PresentBP+HMM	recombination_suppression	rs_neoaves_d210477_t7191688	1463	7	30	0	0.02	1.0
PresentBP+HMM	recombination_suppression	rs_neoaves_d210477_t7191688	1120	5	374	1	0.25	1.0
PresentBP+HMM	recombination_suppression	rs_neoaves_d420955_t7023306	1232	238	0	30	0.02	1.0
PresentBP+HMM	recombination_suppression	rs_neoaves_d210477_t7507405	1463	7	30	0	0.02	1.0
PresentBP+HMM	recombination_suppression	rs_neoaves_d1052388_t7191688	1275	0	225	0	0.15	1.0
PresentBP+HMM	recombination_suppression	rs_neoaves_d210477_t7023306	1125	0	370	5	0.25	1.0
PresentBP+HMM	recombination_suppression	rs_neoaves_d1052388_t7023306	1200	0	300	0	0.2	1.0
PresentBP+HMM	recombination_suppression	rs_neoaves_d210477_t7023306	1200	0	295	5	0.2	1.0
PresentBP+HMM	recombination_suppression	rs_neoaves_d420955_t7023306	1087	38	357	18	0.25	1.0
PresentBP+HMM	recombination_suppression	rs_neoaves_d210477_t7507405	1344	6	150	0	0.1	1.0
PresentBP+HMM	recombination_suppression	rs_neoaves_d1052388_t7191688	1463	7	30	0	0.02	1.0
PresentBP+HMM	recombination_suppression	rs_neoaves_d1052388_t7507405	1343	7	150	0	0.1	1.0
PresentBP+HMM	recombination_suppression	rs_neoaves_d420955_t7023306	1316	34	134	16	0.1	1.0
PresentBP+HMM	recombination_suppression	rs_neoaves_d420955_t7507405	1275	0	225	0	0.15	1.0
PresentBP+HMM	recombination_suppression	rs_neoaves_d420955_t7507405	1463	7	30	0	0.02	1.0
PresentBP+HMM	recombination_suppression	rs_neoaves_d1052388_t7507405	1268	7	224	1	0.15	1.0
PresentBP+HMM	recombination_suppression	rs_neoaves_d420955_t7191688	1463	7	30	0	0.02	1.0
PresentBP+HMM	recombination_suppression	rs_neoaves_d210477_t7023306	1343	7	149	1	0.1	1.0
PresentBP+HMM	recombination_suppression	rs_neoaves_d420955_t7023306	1376	49	63	12	0.05	1.0
PresentBP+HMM	recombination_suppression	rs_neoaves_d1052388_t7023306	1125	0	375	0	0.25	1.0
PresentBP+HMM	recombination_suppression	rs_neoaves_d420955_t7191688	1195	5	300	0	0.2	1.0
PresentBP+HMM	recombination_suppression	rs_neoaves_d210477_t7507405	1419	6	75	0	0.05	1.0
PresentBP+HMM	recombination_suppression	rs_neoaves_d420955_t7507405	1344	6	150	0	0.1	1.0
PresentBP+HMM	recombination_suppression	rs_neoaves_d1052388_t7507405	1418	7	75	0	0.05	1.0
PresentBP+HMM	recombination_suppression	rs_neoaves_d1052388_t7023306	1275	0	225	0	0.15	1.0
PresentBP+HMM	recombination_suppression	rs_neoaves_d420955_t7507405	1125	0	375	0	0.25	1.0
PresentBP+HMM	recombination_suppression	rs_neoaves_d210477_t7023306	1275	0	220	5	0.15	1.0
PresentBP+HMM	recombination_suppression	rs_neoaves_d210477_t7023306	1418	7	74	1	0.05	1.0
PresentBP+HMM	recombination_suppression	rs_neoaves_d420955_t7191688	1120	5	375	0	0.25	1.0
PresentBP+HMM	recombination_suppression	rs_neoaves_d210477_t7191688	1419	6	74	1	0.05	1.0
PresentBP+HMM	recombination_suppression	rs_neoaves_d420955_t7191688	1345	5	150	0	0.1	1.0
PresentBP+HMM	recombination_suppression	rs_neoaves_d210477_t7191688	1269	6	224	1	0.15	1.0
PresentBP+HMM	recombination_suppression	rs_neoaves_d1052388_t7023306	1345	5	150	0	0.1	1.0
PresentBP+HMM	recombination_suppression	rs_neoaves_d210477_t7191688	1194	6	299	1	0.2	1.0
PresentBP+HMM	recombination_suppression	rs_neoaves_d420955_t7507405	1193	7	300	0	0.2	1.0
PresentBP+HMM	recombination_suppression	rs_neoaves_d210477_t7191688	1345	5	149	1	0.1	1.0
PresentBP+HMM	recombination_suppression	rs_neoaves_d210477_t7507405	1195	5	299	1	0.2	1.0
PresentBP+HMM	recombination_suppression	rs_neoaves_d420955_t7191688	1419	6	75	0	0.05	1.0
PresentBP+HMM	recombination_suppression	rs_neoaves_d210477_t7023306	1463	7	30	0	0.02	1.0
PresentBP+HMM	recombination_suppression	rs_neoaves_d1052388_t7507405	1195	5	299	1	0.2	1.0
