phylter-k020-island_0	0	1600	0	400	0.2	0.99
phylter-k020-island_0	731	969	1	299	0.15	0.66
phylter-k020-island_0	330	1270	76	324	0.2	0.33
phylter-k020-island_0	667	733	111	489	0.3	0.33
phylter-k020-island_0	202	1498	59	241	0.15	0.99
phylter-k020-island_0	747	853	132	268	0.2	0.33
phylter-k020-island_0	1088	612	208	92	0.15	0.66
phylter-k020-island_0	151	1249	92	508	0.3	0.66
phylter-k020-island_0	758	942	300	0	0.15	0.99
phylter-k020-island_0	1454	346	120	80	0.1	0.66
phylter-k020-island_0	836	1064	43	57	0.05	0.99
phylter-k020-island_0	1112	588	126	174	0.15	0.33
phylter-k020-island_0	935	465	241	359	0.3	0.33
phylter-k020-island_0	417	983	586	14	0.3	0.99
phylter-k020-island_0	535	865	149	451	0.3	0.66
phylter-k020-island_0	263	1237	76	424	0.25	0.66
phylter-k020-island_0	339	1461	6	194	0.1	0.99
phylter-k020-island_0	311	1189	84	416	0.25	0.33
phylter-k020-island_0	279	1621	25	75	0.05	0.99
phylter-k020-island_0	327	1273	93	307	0.2	0.99
phylter-k020-island_0	795	705	224	276	0.25	0.33
phylter-k020-island_0	891	1009	0	100	0.05	0.99
phylter-k020-island_0	1178	622	133	67	0.1	0.66
phylter-k020-island_0	783	717	266	234	0.25	0.66
phylter-k020-island_0	773	627	595	5	0.3	0.99
phylter-k020-island_0	90	1310	55	545	0.3	0.66
phylter-k020-island_0	649	951	134	266	0.2	0.66
phylter-k020-island_0	863	837	172	128	0.15	0.33
phylter-k020-island_0	321	1379	34	266	0.15	0.66
phylter-k020-island_0	1298	502	127	73	0.1	0.99
phylter-k020-island_0	767	733	416	84	0.25	0.99
phylter-k020-island_0	409	1391	59	141	0.1	0.66
phylter-k020-island_0	674	1126	196	4	0.1	0.99
phylter-k020-island_0	911	989	0	100	0.05	0.66
phylter-k020-island_0	796	1004	73	127	0.1	0.66
phylter-k020-island_0	994	906	0	100	0.05	0.66
phylter-k020-island_0	816	584	353	247	0.3	0.66
phylter-k020-island_0	376	1024	556	44	0.3	0.99
phylter-k020-island_0	1129	471	377	23	0.2	0.99
phylter-k020-island_0	826	974	147	53	0.1	0.99
phylter-k020-island_0	466	1434	11	89	0.05	0.99
phylter-k020-island_0	1090	410	280	220	0.25	0.99
phylter-k020-island_0	510	1290	63	137	0.1	0.66
phylter-k020-island_0	776	724	481	19	0.25	0.99
phylter-k020-island_0	334	1566	18	82	0.05	0.99
phylter-k020-island_0	925	975	100	0	0.05	0.66
phylter-k020-island_0	968	432	476	124	0.3	0.66
phylter-k020-island_0	208	1192	561	39	0.3	0.99
phylter-k020-island_0	779	1021	191	9	0.1	0.99
phylter-k020-island_0	635	965	124	276	0.2	0.99
phylter-k020-island_0	683	817	493	7	0.25	0.99
phylter-k020-island_0	943	857	1	199	0.1	0.66
phylter-k020-island_0	128	1272	43	557	0.3	0.66
phylter-k020-island_0	44	1856	1	99	0.05	0.33
phylter-k020-island_0	1036	564	400	0	0.2	0.99
phylter-k020-island_0	562	1038	124	276	0.2	0.66
phylter-k020-island_0	1184	716	100	0	0.05	0.66
phylter-k020-island_0	1115	685	41	159	0.1	0.33
phylter-k020-island_0	38	1862	4	96	0.05	0.66
phylter-k020-island_0	384	1516	30	70	0.05	0.33
phylter-k020-island_0	642	958	79	321	0.2	0.99
phylter-k020-island_0	1139	761	49	51	0.05	0.66
phylter-k020-island_0	1141	659	124	76	0.1	0.33
phylter-k020-island_0	323	1277	110	290	0.2	0.66
phylter-k020-island_0	666	834	204	296	0.25	0.99
phylter-k020-island_0	771	629	0	600	0.3	0.66
phylter-k020-island_0	997	903	9	91	0.05	0.66
phylter-k020-island_0	166	1734	12	88	0.05	0.66
phylter-k020-island_0	640	760	318	282	0.3	0.33
phylter-k020-island_0	218	1582	15	185	0.1	0.66
phylter-k020-island_0	989	811	1	199	0.1	0.66
phylter-k020-island_0	495	1005	474	26	0.25	0.99
phylter-k020-island_0	724	676	249	351	0.3	0.33
phylter-k020-island_0	653	847	220	280	0.25	0.33
phylter-k020-island_0	806	894	146	154	0.15	0.66
phylter-k020-island_0	989	911	0	100	0.05	0.33
phylter-k020-island_0	571	1229	49	151	0.1	0.99
phylter-k020-island_0	328	1372	86	214	0.15	0.33
phylter-k020-island_0	480	1120	106	294	0.2	0.66
phylter-k020-island_0	767	1033	1	199	0.1	0.33
phylter-k020-island_0	591	909	261	239	0.25	0.66
phylter-k020-island_0	1035	365	289	311	0.3	0.33
phylter-k020-island_0	835	865	0	300	0.15	0.33
phylter-k020-island_0	1139	761	29	71	0.05	0.33
phylter-k020-island_0	1025	775	140	60	0.1	0.99
phylter-k020-island_0	1110	390	236	264	0.25	0.66
phylter-k020-island_0	703	697	215	385	0.3	0.66
phylter-k020-island_0	582	1218	65	135	0.1	0.33
phylter-k020-island_0	911	689	4	396	0.2	0.66
phylter-k020-island_0	1089	611	95	205	0.15	0.33
phylter-k020-island_0	196	1304	85	415	0.25	0.33
phylter-k020-island_0	1159	741	21	79	0.05	0.99
phylter-k020-island_0	1064	336	381	219	0.3	0.99
phylter-k020-island_0	1132	568	111	189	0.15	0.99
phylter-k020-island_0	699	1201	33	67	0.05	0.33
phylter-k020-island_0	683	1017	118	182	0.15	0.66
phylter-k020-island_0	245	1355	56	344	0.2	0.33
phylter-k020-island_0	531	869	206	394	0.3	0.33
phylter-k020-island_0	578	1122	131	169	0.15	0.99
phylter-k020-island_0	670	1130	60	140	0.1	0.33
phylter-k020-island_0	685	715	390	210	0.3	0.99
phylter-k020-island_0	18	1582	29	371	0.2	0.66
phylter-k020-island_0	485	1215	99	201	0.15	0.33
phylter-k020-island_0	881	519	407	193	0.3	0.33
phylter-k020-island_0	266	1334	70	330	0.2	0.33
phylter-k020-island_0	204	1496	59	241	0.15	0.66
phylter-k020-island_0	364	1336	51	249	0.15	0.66
phylter-k020-island_0	967	433	400	200	0.3	0.33
phylter-k020-island_0	825	675	269	231	0.25	0.99
phylter-k020-island_0	1200	500	243	57	0.15	0.99
phylter-k020-island_0	1147	453	297	103	0.2	0.66
phylter-k020-island_0	380	1420	200	0	0.1	0.66
phylter-k020-island_0	743	957	163	137	0.15	0.99
phylter-k020-island_0	989	611	168	232	0.2	0.66
phylter-k020-island_0	452	1248	92	208	0.15	0.66
phylter-k020-island_0	445	955	600	0	0.3	0.33
phylter-k020-island_0	917	983	1	99	0.05	0.66
phylter-k020-island_0	1001	699	224	76	0.15	0.99
phylter-k020-island_0	159	1341	90	410	0.25	0.99
phylter-k020-island_0	213	1687	5	95	0.05	0.66
phylter-k020-island_0	1122	478	198	202	0.2	0.99
phylter-k020-island_0	719	1181	0	100	0.05	0.66
phylter-k020-island_0	403	1197	190	210	0.2	0.99
phylter-k020-island_0	415	1085	312	188	0.25	0.99
phylter-k020-island_0	292	1308	57	343	0.2	0.99
phylter-k020-island_0	63	1537	30	370	0.2	0.66
phylter-k020-island_0	1134	466	150	250	0.2	0.33
phylter-k020-island_0	883	1017	4	96	0.05	0.99
phylter-k020-island_0	926	674	198	202	0.2	0.33
phylter-k020-island_0	918	582	0	500	0.25	0.66
phylter-k020-island_0	530	1370	50	50	0.05	0.33
phylter-k020-island_0	415	985	312	288	0.3	0.66
phylter-k020-island_0	65	1835	19	81	0.05	0.33
phylter-k020-island_0	53	1447	500	0	0.25	0.99
phylter-k020-island_0	857	1043	96	4	0.05	0.99
phylter-k020-island_0	827	573	0	600	0.3	0.66
phylter-k020-island_0	13	1887	4	96	0.05	0.66
phylter-k020-island_0	649	951	52	348	0.2	0.66
phylter-k020-island_0	558	1042	315	85	0.2	0.99
phylter-k020-island_0	953	947	0	100	0.05	0.33
phylter-k020-island_0	1036	564	284	116	0.2	0.66
phylter-k020-island_0	868	532	100	500	0.3	0.99
phylter-k020-island_0	538	862	227	373	0.3	0.66
phylter-k020-island_0	24	1876	0	100	0.05	0.66
phylter-k020-island_0	494	1106	349	51	0.2	0.99
phylter-k020-island_0	1031	869	44	56	0.05	0.33
phylter-k020-island_0	902	998	70	30	0.05	0.99
phylter-k020-island_0	94	1806	31	69	0.05	0.33
phylter-k020-island_0	154	1346	152	348	0.25	0.99
phylter-k020-island_0	804	696	0	500	0.25	0.66
phylter-k020-island_0	1119	581	226	74	0.15	0.66
phylter-k020-island_0	151	1649	13	187	0.1	0.99
phylter-k020-island_0	1136	764	41	59	0.05	0.33
phylter-k020-island_0	99	1401	59	441	0.25	0.66
phylter-k020-island_0	926	474	600	0	0.3	0.66
phylter-k020-island_0	1097	303	553	47	0.3	0.99
phylter-k020-island_0	708	892	164	236	0.2	0.66
phylter-k020-island_0	808	892	0	300	0.15	0.33
phylter-k020-island_0	139	1361	48	452	0.25	0.33
phylter-k020-island_0	602	1298	1	99	0.05	0.99
phylter-k020-island_0	481	1019	162	338	0.25	0.33
phylter-k020-island_0	658	1242	6	94	0.05	0.99
phylter-k020-island_0	858	642	230	270	0.25	0.33
phylter-k020-island_0	694	1206	38	62	0.05	0.33
phylter-k020-island_0	1254	446	163	137	0.15	0.33
phylter-k020-island_0	699	901	86	314	0.2	0.66
phylter-k020-island_0	670	730	274	326	0.3	0.66
phylter-k020-island_0	878	522	507	93	0.3	0.99
phylter-k020-island_0	800	700	18	482	0.25	0.66
phylter-k020-island_0	990	810	84	116	0.1	0.33
phylter-k020-island_0	282	1518	46	154	0.1	0.66
phylter-k020-island_0	453	1047	165	335	0.25	0.33
phylter-k020-island_0	938	762	88	212	0.15	0.99
phylter-k020-island_0	413	987	117	483	0.3	0.66
phylter-k020-island_0	319	1281	73	327	0.2	0.33
phylter-k020-island_0	1169	731	49	51	0.05	0.33
phylter-k020-island_0	729	971	0	300	0.15	0.66
phylter-k020-island_0	387	1213	100	300	0.2	0.66
phylter-k020-island_0	232	1468	100	200	0.15	0.99
phylter-k020-island_0	798	902	0	300	0.15	0.66
phylter-k020-island_0	289	1311	75	325	0.2	0.33
phylter-k020-island_0	694	1106	101	99	0.1	0.66
phylter-k020-island_0	821	979	89	111	0.1	0.33
phylter-k020-island_0	572	928	161	339	0.25	0.33
phylter-k020-island_0	617	1283	37	63	0.05	0.99
phylter-k020-island_0	474	1326	191	9	0.1	0.99
phylter-k020-island_0	1235	265	378	122	0.25	0.66
phylter-k020-island_0	331	1469	44	156	0.1	0.33
phylter-k020-island_0	119	1581	38	262	0.15	0.33
phylter-k020-island_0	1114	386	359	141	0.25	0.99
phylter-k020-island_0	1068	432	253	247	0.25	0.33
phylter-k020-island_0	767	1033	123	77	0.1	0.66
phylter-k020-island_0	1482	18	493	7	0.25	0.33
phylter-k020-island_0	893	607	154	346	0.25	0.99
phylter-k020-island_0	408	1192	113	287	0.2	0.33
phylter-k020-island_0	751	1049	195	5	0.1	0.99
phylter-k020-island_0	541	1359	20	80	0.05	0.99
phylter-k020-island_0	1039	661	169	131	0.15	0.33
phylter-k020-island_0	408	1492	8	92	0.05	0.66
phylter-k020-island_0	400	1300	281	19	0.15	0.99
phylter-k020-island_0	108	1692	10	190	0.1	0.33
phylter-k020-island_0	114	1386	31	469	0.25	0.66
phylter-k020-island_0	212	1588	43	157	0.1	0.66
phylter-k020-island_0	83	1417	25	475	0.25	0.33
phylter-k020-island_0	412	1288	275	25	0.15	0.99
phylter-k020-island_0	633	867	249	251	0.25	0.66
phylter-k020-island_0	255	1145	182	418	0.3	0.33
phylter-k020-island_0	177	1423	25	375	0.2	0.33
phylter-k020-island_0	76	1624	17	283	0.15	0.66
phylter-k020-island_0	1004	696	111	189	0.15	0.33
phylter-k020-island_0	1220	480	284	16	0.15	0.99
phylter-k020-island_0	440	1260	100	200	0.15	0.66
phylter-k020-island_0	773	1027	172	28	0.1	0.99
phylter-k020-island_0	1093	507	266	134	0.2	0.33
phylter-k020-island_0	902	498	435	165	0.3	0.33
phylter-k020-island_0	237	1563	33	167	0.1	0.66
phylter-k020-island_0	766	934	174	126	0.15	0.99
phylter-k020-island_0	607	893	492	8	0.25	0.99
phylter-k020-island_0	749	1151	0	100	0.05	0.66
phylter-k020-island_0	110	1690	22	178	0.1	0.33
phylter-k020-island_0	412	1188	83	317	0.2	0.99
phylter-k020-island_0	954	946	2	98	0.05	0.66
phylter-k020-island_0	800	1000	200	0	0.1	0.33
phylter-k020-island_0	642	958	338	62	0.2	0.99
phylter-k020-island_0	326	1174	465	35	0.25	0.99
phylter-k020-island_0	51	1649	24	276	0.15	0.66
phylter-k020-island_0	490	910	176	424	0.3	0.33
phylter-k020-island_0	331	1169	217	283	0.25	0.99
phylter-k020-island_0	727	973	259	41	0.15	0.99
phylter-k020-island_0	425	1175	56	344	0.2	0.66
phylter-k020-island_0	923	677	239	161	0.2	0.66
phylter-k020-island_0	944	756	2	298	0.15	0.66
phylter-k020-island_0	182	1218	71	529	0.3	0.33
phylter-k020-island_0	1264	636	54	46	0.05	0.66
phylter-k020-island_0	885	1015	88	12	0.05	0.99
phylter-k020-island_0	1044	856	43	57	0.05	0.33
phylter-k020-island_0	1143	357	482	18	0.25	0.99
phylter-k020-island_0	41	1559	17	383	0.2	0.66
phylter-k020-island_0	657	743	209	391	0.3	0.66
phylter-k020-island_0	1073	327	541	59	0.3	0.99
phylter-k020-island_0	920	980	1	99	0.05	0.66
phylter-k020-island_0	735	865	114	286	0.2	0.99
phylter-k020-island_0	104	1796	42	58	0.05	0.33
phylter-k020-island_0	1295	105	454	146	0.3	0.66
phylter-k020-island_0	179	1221	56	544	0.3	0.99
phylter-k020-island_0	78	1822	5	95	0.05	0.66
phylter-k020-island_0	738	862	2	398	0.2	0.66
phylter-k020-island_0	0	1600	0	400	0.2	0.99
phylter-k020-island_0	966	934	59	41	0.05	0.33
phylter-k020-island_0	539	961	138	362	0.25	0.66
phylter-k020-island_0	611	1289	14	86	0.05	0.33
phylter-k020-island_0	1168	332	213	287	0.25	0.99
phylter-k020-island_0	1120	780	7	93	0.05	0.99
phylter-k020-island_0	432	1168	390	10	0.2	0.99
phylter-k020-island_0	1130	570	85	215	0.15	0.66
phylter-k020-island_0	187	1413	58	342	0.2	0.66
phylter-k020-island_0	448	1152	118	282	0.2	0.33
phylter-k020-island_0	742	758	1	499	0.25	0.66
phylter-k020-island_0	904	596	255	245	0.25	0.66
phylter-k020-island_0	1008	592	134	266	0.2	0.33
phylter-k020-island_0	570	1330	12	88	0.05	0.99
phylter-k020-island_0	133	1767	26	74	0.05	0.33
phylter-k020-island_0	774	626	280	320	0.3	0.66
phylter-k020-island_0	344	1456	31	169	0.1	0.66
phylter-k020-island_0	715	1085	31	169	0.1	0.33
phylter-k020-island_0	621	1279	78	22	0.05	0.99
phylter-k020-island_0	502	898	187	413	0.3	0.66
phylter-k020-island_0	538	1162	285	15	0.15	0.99
phylter-k020-island_0	1085	815	42	58	0.05	0.33
phylter-k020-island_0	31	1669	25	275	0.15	0.66
phylter-k020-island_0	431	1169	59	341	0.2	0.33
phylter-k020-island_0	682	1018	236	64	0.15	0.99
phylter-k020-island_0	187	1413	42	358	0.2	0.66
phylter-k020-island_0	85	1515	33	367	0.2	0.33
phylter-k020-island_0	270	1430	52	248	0.15	0.66
phylter-k020-island_0	1085	715	115	85	0.1	0.33
phylter-k020-island_0	929	871	1	199	0.1	0.66
phylter-k020-island_0	488	1012	161	339	0.25	0.33
phylter-k020-island_0	405	1295	96	204	0.15	0.66
phylter-k020-island_0	517	1383	22	78	0.05	0.33
phylter-k020-island_0	747	1053	80	120	0.1	0.99
phylter-k020-island_0	41	1659	18	282	0.15	0.33
phylter-k020-island_0	702	898	1	399	0.2	0.66
phylter-k020-island_0	524	876	86	514	0.3	0.99
phylter-k020-island_0	1050	350	430	170	0.3	0.66
phylter-k020-island_0	659	841	175	325	0.25	0.66
phylter-k020-island_0	841	659	235	265	0.25	0.33
phylter-k020-island_0	755	1145	19	81	0.05	0.99
phylter-k020-island_0	894	606	327	173	0.25	0.33
phylter-k020-island_0	352	1148	86	414	0.25	0.33
phylter-k020-island_0	844	1056	80	20	0.05	0.99
phylter-k020-island_0	990	910	0	100	0.05	0.33
phylter-k020-island_0	984	816	0	200	0.1	0.99
phylter-k020-island_0	337	1163	98	402	0.25	0.66
phylter-k020-island_0	975	425	571	29	0.3	0.99
phylter-k020-island_0	888	512	61	539	0.3	0.66
phylter-k020-island_0	1043	557	265	135	0.2	0.66
phylter-k020-island_0	40	1660	17	283	0.15	0.33
phylter-k020-island_0	932	868	0	200	0.1	0.66
phylter-k020-island_0	986	514	305	195	0.25	0.33
phylter-k020-island_0	288	1212	153	347	0.25	0.66
phylter-k020-island_0	365	1335	266	34	0.15	0.99
phylter-k020-island_0	599	1101	112	188	0.15	0.66
phylter-k020-island_0	788	812	1	399	0.2	0.33
phylter-k020-island_0	797	603	321	279	0.3	0.33
phylter-k020-island_0	852	848	46	254	0.15	0.99
phylter-k020-island_0	680	1020	108	192	0.15	0.33
phylter-k020-island_0	778	622	1	599	0.3	0.33
phylter-k020-island_0	655	945	182	218	0.2	0.33
phylter-k020-island_0	49	1651	17	283	0.15	0.66
phylter-k020-island_0	552	1248	189	11	0.1	0.99
phylter-k020-island_0	145	1655	20	180	0.1	0.66
phylter-k020-island_0	556	1244	168	32	0.1	0.99
phylter-k020-island_0	292	1608	9	91	0.05	0.99
phylter-k020-island_0	952	748	230	70	0.15	0.33
phylter-k020-island_0	31	1769	30	170	0.1	0.33
phylter-k020-island_0	100	1400	39	461	0.25	0.66
phylter-k020-island_0	133	1367	36	464	0.25	0.33
phylter-k020-island_0	1048	452	292	208	0.25	0.99
phylter-k020-island_0	1189	311	365	135	0.25	0.99
phylter-k020-island_0	113	1687	13	187	0.1	0.66
phylter-k020-island_0	210	1290	337	163	0.25	0.99
phylter-k020-island_0	426	1074	118	382	0.25	0.33
phylter-k020-island_0	891	1009	7	93	0.05	0.99
phylter-k020-island_0	462	1338	11	189	0.1	0.99
phylter-k020-island_0	292	1308	96	304	0.2	0.33
phylter-k020-island_0	914	586	67	433	0.25	0.66
phylter-k020-island_0	798	902	0	300	0.15	0.99
phylter-k020-island_0	599	1201	65	135	0.1	0.33
phylter-k020-island_0	415	1285	75	225	0.15	0.33
phylter-k020-island_0	1014	486	256	244	0.25	0.66
phylter-k020-island_0	950	850	1	199	0.1	0.66
phylter-k020-island_0	791	609	1	599	0.3	0.66
phylter-k020-island_0	1092	308	588	12	0.3	0.99
phylter-k020-island_0	138	1262	132	468	0.3	0.33
phylter-k020-island_0	760	940	118	182	0.15	0.33
phylter-k020-island_0	471	1429	8	92	0.05	0.33
phylter-k020-island_0	770	1030	189	11	0.1	0.99
phylter-k020-island_0	1113	487	278	122	0.2	0.99
phylter-k020-island_0	1278	222	450	50	0.25	0.33
phylter-k020-island_0	876	1024	96	4	0.05	0.99
phylter-k020-island_0	859	641	192	308	0.25	0.33
phylter-k020-island_0	856	1044	95	5	0.05	0.99
phylter-k020-island_0	588	1012	392	8	0.2	0.99
phylter-k020-island_0	1183	517	235	65	0.15	0.33
phylter-k020-island_0	962	438	20	580	0.3	0.66
phylter-k020-island_0	907	493	422	178	0.3	0.99
phylter-k020-island_0	30	1470	36	464	0.25	0.66
phylter-k020-island_0	753	1047	106	94	0.1	0.66
phylter-k020-island_0	141	1559	40	260	0.15	0.66
phylter-k020-island_0	380	1420	85	115	0.1	0.99
phylter-k020-island_0	334	1266	320	80	0.2	0.99
phylter-k020-island_0	757	843	151	249	0.2	0.33
phylter-k020-island_0	416	1284	85	215	0.15	0.66
phylter-k020-island_0	101	1599	170	130	0.15	0.99
phylter-k020-island_0	193	1207	124	476	0.3	0.33
phylter-k020-island_0	530	1170	47	253	0.15	0.66
phylter-k020-island_0	617	983	119	281	0.2	0.33
phylter-k020-island_0	788	612	285	315	0.3	0.33
phylter-k020-island_0	1238	562	111	89	0.1	0.66
phylter-k020-island_0	342	1358	38	262	0.15	0.99
phylter-k020-island_0	697	703	455	145	0.3	0.66
phylter-k020-island_0	440	1460	42	58	0.05	0.99
phylter-k020-island_0	928	972	0	100	0.05	0.66
phylter-k020-island_0	756	644	595	5	0.3	0.99
phylter-k020-island_0	984	416	12	588	0.3	0.66
phylter-k020-island_0	556	1244	190	10	0.1	0.99
phylter-k020-island_0	989	611	252	148	0.2	0.99
phylter-k020-island_0	1222	278	486	14	0.25	0.99
phylter-k020-island_0	801	1099	92	8	0.05	0.99
phylter-k020-island_0	25	1775	10	190	0.1	0.66
phylter-k020-island_0	326	1574	1	99	0.05	0.99
phylter-k020-island_0	0	1500	39	461	0.25	0.99
phylter-k020-island_0	1160	740	22	78	0.05	0.66
phylter-k020-island_0	725	675	590	10	0.3	0.99
phylter-k020-island_0	819	581	361	239	0.3	0.66
phylter-k020-island_0	582	1018	374	26	0.2	0.99
phylter-k020-island_0	778	722	473	27	0.25	0.99
phylter-k020-island_0	822	978	1	199	0.1	0.66
phylter-k020-island_0	494	1306	191	9	0.1	0.99
phylter-k020-island_0	762	638	578	22	0.3	0.99
phylter-k020-island_0	69	1831	4	96	0.05	0.66
phylter-k020-island_0	1156	644	142	58	0.1	0.66
phylter-k020-island_0	191	1709	16	84	0.05	0.66
phylter-k020-island_0	1290	610	53	47	0.05	0.66
phylter-k020-island_0	599	801	293	307	0.3	0.33
phylter-k020-island_0	891	909	113	87	0.1	0.66
phylter-k020-island_0	919	881	0	200	0.1	0.66
phylter-k020-island_0	889	611	303	197	0.25	0.99
phylter-k020-island_0	949	951	1	99	0.05	0.66
phylter-k020-island_0	466	934	417	183	0.3	0.33
phylter-k020-island_0	831	669	212	288	0.25	0.99
phylter-k020-island_0	555	1245	66	134	0.1	0.66
phylter-k020-island_0	440	960	153	447	0.3	0.66
phylter-k020-island_0	237	1663	16	84	0.05	0.33
phylter-k020-island_0	683	917	98	302	0.2	0.99
phylter-k020-island_0	781	1119	1	99	0.05	0.66
phylter-k020-island_0	488	1412	26	74	0.05	0.66
phylter-k020-island_0	196	1604	28	172	0.1	0.33
phylter-k020-island_0	46	1554	14	386	0.2	0.66
phylter-k020-island_0	16	1884	4	96	0.05	0.33
phylter-k020-island_0	916	684	387	13	0.2	0.99
phylter-k020-island_0	55	1545	1	399	0.2	0.66
phylter-k020-island_0	958	942	0	100	0.05	0.66
phylter-k020-island_0	586	1214	73	127	0.1	0.33
phylter-k020-island_0	975	525	160	340	0.25	0.99
phylter-k020-island_0	1100	300	473	127	0.3	0.66
phylter-k020-island_0	1120	580	272	28	0.15	0.99
phylter-k020-island_0	597	803	155	445	0.3	0.99
phylter-k020-island_0	695	705	287	313	0.3	0.33
phylter-k020-island_0	420	1180	127	273	0.2	0.33
phylter-k020-island_0	262	1638	14	86	0.05	0.33
phylter-k020-island_0	197	1503	10	290	0.15	0.66
phylter-k020-island_0	339	1261	75	325	0.2	0.66
phylter-k020-island_0	788	612	596	4	0.3	0.99
phylter-k020-island_0	1134	566	274	26	0.15	0.99
phylter-k020-island_0	786	1014	64	136	0.1	0.33
phylter-k020-island_0	756	944	0	300	0.15	0.66
phylter-k020-island_0	237	1363	72	328	0.2	0.33
phylter-k020-island_0	111	1289	38	562	0.3	0.33
phylter-k020-island_0	724	976	0	300	0.15	0.33
phylter-k020-island_0	142	1358	177	323	0.25	0.33
phylter-k020-island_0	317	1383	53	247	0.15	0.33
phylter-k020-island_0	917	783	1	299	0.15	0.66
phylter-k020-island_0	790	1010	190	10	0.1	0.99
phylter-k020-island_0	64	1836	33	67	0.05	0.33
phylter-k020-island_0	602	898	209	291	0.25	0.66
phylter-k020-island_0	1027	773	71	129	0.1	0.33
phylter-k020-island_0	569	1031	72	328	0.2	0.66
phylter-k020-island_0	1028	672	150	150	0.15	0.33
phylter-k020-island_0	792	1008	0	200	0.1	0.99
phylter-k020-island_0	779	1121	36	64	0.05	0.33
phylter-k020-island_0	1014	686	114	186	0.15	0.33
phylter-k020-island_0	866	534	386	214	0.3	0.33
phylter-k020-island_0	235	1465	29	271	0.15	0.33
phylter-k020-island_0	740	860	1	399	0.2	0.66
phylter-k020-island_0	29	1771	12	188	0.1	0.33
phylter-k020-island_0	684	816	149	351	0.25	0.66
phylter-k020-island_0	819	681	210	290	0.25	0.33
phylter-k020-island_0	916	584	482	18	0.25	0.99
phylter-k020-island_0	128	1772	38	62	0.05	0.33
phylter-k020-island_0	113	1787	0	100	0.05	0.99
phylter-k020-island_0	1220	580	158	42	0.1	0.99
phylter-k020-island_0	78	1822	15	85	0.05	0.33
phylter-k020-island_0	1145	455	367	33	0.2	0.99
phylter-k020-island_0	34	1866	36	64	0.05	0.66
phylter-k020-island_0	869	531	0	600	0.3	0.66
phylter-k020-island_0	767	633	27	573	0.3	0.99
phylter-k020-island_0	866	734	255	145	0.2	0.66
phylter-k020-island_0	13	1887	0	100	0.05	0.33
phylter-k020-island_0	448	1152	99	301	0.2	0.99
phylter-k020-island_0	458	1142	153	247	0.2	0.66
phylter-k020-island_0	943	957	1	99	0.05	0.66
phylter-k020-island_0	1001	399	361	239	0.3	0.66
phylter-k020-island_0	711	689	592	8	0.3	0.99
phylter-k020-island_0	997	603	0	400	0.2	0.33
phylter-k020-island_0	334	1566	26	74	0.05	0.99
phylter-k020-island_0	1275	225	383	117	0.25	0.99
phylter-k020-island_0	67	1833	20	80	0.05	0.33
phylter-k020-island_0	1020	380	346	254	0.3	0.99
phylter-k020-island_0	1030	670	106	194	0.15	0.99
phylter-k020-island_0	668	1232	57	43	0.05	0.66
phylter-k020-island_0	452	1148	51	349	0.2	0.33
phylter-k020-island_0	481	1019	186	314	0.25	0.66
phylter-k020-island_0	865	735	1	399	0.2	0.33
phylter-k020-island_0	880	1020	1	99	0.05	0.33
phylter-k020-island_0	641	859	0	500	0.25	0.99
phylter-k020-island_0	981	519	310	190	0.25	0.66
phylter-k020-island_0	308	1192	473	27	0.25	0.99
phylter-k020-island_0	1044	656	176	124	0.15	0.66
phylter-k020-island_0	754	846	314	86	0.2	0.99
phylter-k020-island_0	534	1266	57	143	0.1	0.33
phylter-k020-island_0	179	1721	13	87	0.05	0.66
phylter-k020-island_0	502	1098	374	26	0.2	0.99
phylter-k020-island_0	738	662	278	322	0.3	0.33
phylter-k020-island_0	433	1367	51	149	0.1	0.33
phylter-k020-island_0	81	1819	6	94	0.05	0.66
phylter-k020-island_0	464	1036	332	168	0.25	0.99
phylter-k020-island_0	502	1098	172	228	0.2	0.66
phylter-k020-island_0	867	533	392	208	0.3	0.33
phylter-k020-island_0	805	895	0	300	0.15	0.66
phylter-k020-island_0	505	1095	124	276	0.2	0.66
phylter-k020-island_0	836	864	200	100	0.15	0.99
phylter-k020-island_0	542	1058	96	304	0.2	0.66
phylter-k020-island_0	668	1032	209	91	0.15	0.99
phylter-k020-island_0	700	1100	88	112	0.1	0.33
phylter-k020-island_0	796	804	387	13	0.2	0.99
phylter-k020-island_0	951	449	346	254	0.3	0.33
phylter-k020-island_0	877	623	6	494	0.25	0.99
phylter-k020-island_0	439	1361	55	145	0.1	0.66
phylter-k020-island_0	970	430	542	58	0.3	0.33
phylter-k020-island_0	944	956	0	100	0.05	0.99
phylter-k020-island_0	1055	645	126	174	0.15	0.66
phylter-k020-island_0	127	1473	46	354	0.2	0.33
phylter-k020-island_0	859	841	216	84	0.15	0.99
phylter-k020-island_0	47	1753	12	188	0.1	0.33
phylter-k020-island_0	376	1224	170	230	0.2	0.33
phylter-k020-island_0	394	1306	92	208	0.15	0.66
phylter-k020-island_0	199	1201	193	407	0.3	0.33
phylter-k020-island_0	34	1666	0	300	0.15	0.99
phylter-k020-island_0	1237	563	130	70	0.1	0.66
phylter-k020-island_0	428	1372	24	176	0.1	0.33
phylter-k020-island_0	801	699	206	294	0.25	0.66
phylter-k020-island_0	225	1475	54	246	0.15	0.33
phylter-k020-island_0	870	1030	0	100	0.05	0.99
phylter-k020-island_0	101	1299	48	552	0.3	0.33
phylter-k020-island_0	36	1764	0	200	0.1	0.99
phylter-k020-island_0	627	873	484	16	0.25	0.99
phylter-k020-island_0	547	953	245	255	0.25	0.33
phylter-k020-island_0	697	803	219	281	0.25	0.33
phylter-k020-island_0	597	1103	107	193	0.15	0.33
phylter-k020-island_0	1027	473	393	107	0.25	0.66
phylter-k020-island_0	866	934	0	200	0.1	0.33
phylter-k020-island_0	433	1267	105	195	0.15	0.66
phylter-k020-island_0	629	971	374	26	0.2	0.99
phylter-k020-island_0	538	1262	77	123	0.1	0.99
phylter-k020-island_0	1002	498	248	252	0.25	0.33
phylter-k020-island_0	866	934	1	199	0.1	0.33
phylter-k020-island_0	989	811	1	199	0.1	0.66
phylter-k020-island_0	333	1367	83	217	0.15	0.66
phylter-k020-island_0	829	971	0	200	0.1	0.99
phylter-k020-island_0	497	1103	67	333	0.2	0.33
phylter-k020-island_0	705	995	283	17	0.15	0.99
phylter-k020-island_0	536	1164	55	245	0.15	0.33
phylter-k020-island_0	1011	589	251	149	0.2	0.33
phylter-k020-island_0	512	1188	107	193	0.15	0.66
phylter-k020-island_0	1127	273	536	64	0.3	0.99
phylter-k020-island_0	374	1326	255	45	0.15	0.99
phylter-k020-island_0	492	1008	102	398	0.25	0.66
phylter-k020-island_0	788	712	240	260	0.25	0.33
phylter-k020-island_0	1083	417	150	350	0.25	0.33
phylter-k020-island_0	897	903	4	196	0.1	0.66
phylter-k020-island_0	775	625	595	5	0.3	0.99
phylter-k020-island_0	792	608	305	295	0.3	0.66
phylter-k020-island_0	860	840	0	300	0.15	0.99
phylter-k020-island_0	914	586	70	430	0.25	0.66
phylter-k020-island_0	466	1234	93	207	0.15	0.33
phylter-k020-island_0	208	1392	127	273	0.2	0.66
phylter-k020-island_0	260	1340	75	325	0.2	0.33
phylter-k020-island_0	325	1575	29	71	0.05	0.33
phylter-k020-island_0	904	896	0	200	0.1	0.99
phylter-k020-island_0	373	1427	25	175	0.1	0.33
phylter-k020-island_0	652	1248	9	91	0.05	0.99
phylter-k020-island_0	808	692	1	499	0.25	0.33
phylter-k020-island_0	357	1443	73	127	0.1	0.66
phylter-k020-island_0	710	790	1	499	0.25	0.33
phylter-k020-island_0	936	664	195	205	0.2	0.66
phylter-k020-island_0	190	1510	25	275	0.15	0.33
phylter-k020-island_0	729	771	1	499	0.25	0.66
phylter-k020-island_0	992	408	372	228	0.3	0.99
phylter-k020-island_0	237	1163	187	413	0.3	0.66
phylter-k020-island_0	192	1708	19	81	0.05	0.33
phylter-k020-island_0	1265	535	160	40	0.1	0.99
phylter-k020-island_0	819	781	391	9	0.2	0.99
phylter-k020-island_0	316	1484	33	167	0.1	0.99
phylter-k020-island_0	1012	388	590	10	0.3	0.99
phylter-k020-island_0	492	908	156	444	0.3	0.66
phylter-k020-island_0	240	1660	14	86	0.05	0.66
phylter-k020-island_0	910	990	0	100	0.05	0.99
phylter-k020-island_0	1199	301	480	20	0.25	0.99
phylter-k020-island_0	755	745	145	355	0.25	0.99
phylter-k020-island_0	948	952	49	51	0.05	0.99
phylter-k020-island_0	961	839	0	200	0.1	0.99
phylter-k020-island_0	1073	527	52	348	0.2	0.99
phylter-k020-island_0	759	641	589	11	0.3	0.99
phylter-k020-island_0	336	1064	184	416	0.3	0.66
phylter-k020-island_0	181	1719	20	80	0.05	0.66
phylter-k020-island_0	420	1380	88	112	0.1	0.66
phylter-k020-island_0	916	984	0	100	0.05	0.99
phylter-k020-island_0	1014	386	472	128	0.3	0.66
phylter-k020-island_0	983	417	186	414	0.3	0.33
phylter-k020-island_0	590	1010	369	31	0.2	0.99
phylter-k020-island_0	918	882	70	130	0.1	0.66
phylter-k020-island_0	282	1518	51	149	0.1	0.99
phylter-k020-island_0	530	1170	111	189	0.15	0.33
phylter-k020-island_0	927	573	360	140	0.25	0.66
phylter-k020-island_0	1305	495	117	83	0.1	0.66
phylter-k020-island_0	810	590	254	346	0.3	0.66
phylter-k020-island_0	776	624	589	11	0.3	0.99
phylter-k020-island_0	884	1016	82	18	0.05	0.99
phylter-k020-island_0	778	722	213	287	0.25	0.33
phylter-k020-island_0	619	981	187	213	0.2	0.99
phylter-k020-island_0	426	1174	56	344	0.2	0.99
phylter-k020-island_0	823	1077	54	46	0.05	0.99
phylter-k020-island_0	565	935	149	351	0.25	0.33
phylter-k020-island_0	720	880	156	244	0.2	0.33
phylter-k020-island_0	835	965	152	48	0.1	0.99
phylter-k020-island_0	1250	450	291	9	0.15	0.99
phylter-k020-island_0	282	1118	208	392	0.3	0.66
phylter-k020-island_0	761	639	588	12	0.3	0.99
phylter-k020-island_0	753	747	0	500	0.25	0.66
phylter-k020-island_0	459	1341	67	133	0.1	0.66
phylter-k020-island_0	989	711	137	163	0.15	0.33
phylter-k020-island_0	1242	258	373	127	0.25	0.33
phylter-k020-island_0	1122	278	192	408	0.3	0.33
phylter-k020-island_0	1271	429	162	138	0.15	0.99
phylter-k020-island_0	733	667	338	262	0.3	0.99
phylter-k020-island_0	876	624	212	288	0.25	0.66
phylter-k020-island_0	113	1487	16	384	0.2	0.33
phylter-k020-island_0	679	1021	130	170	0.15	0.66
phylter-k020-island_0	1154	546	216	84	0.15	0.99
phylter-k020-island_0	577	823	600	0	0.3	0.33
phylter-k020-island_0	535	1165	81	219	0.15	0.33
phylter-k020-island_0	1118	582	166	134	0.15	0.66
phylter-k020-island_0	149	1651	10	190	0.1	0.99
phylter-k020-island_0	1209	391	189	211	0.2	0.33
phylter-k020-island_0	412	1188	150	250	0.2	0.33
phylter-k020-island_0	218	1482	51	249	0.15	0.66
phylter-k020-island_0	776	1024	187	13	0.1	0.99
phylter-k020-island_0	254	1146	110	490	0.3	0.33
phylter-k020-island_0	1075	625	107	193	0.15	0.33
phylter-k020-island_0	13	1387	514	86	0.3	0.99
phylter-k020-island_0	839	861	137	163	0.15	0.99
phylter-k020-island_0	101	1399	20	480	0.25	0.33
phylter-k020-island_0	1141	259	458	142	0.3	0.33
phylter-k020-island_0	539	1161	70	230	0.15	0.66
phylter-k020-island_0	728	872	123	277	0.2	0.33
phylter-k020-island_0	262	1238	77	423	0.25	0.66
phylter-k020-island_0	941	759	0	300	0.15	0.99
phylter-k020-island_0	1497	3	468	32	0.25	0.33
phylter-k020-island_0	7	1393	3	597	0.3	0.99
phylter-k020-island_0	430	1170	104	296	0.2	0.66
phylter-k020-island_0	907	793	194	106	0.15	0.33
phylter-k020-island_0	982	518	1	499	0.25	0.66
phylter-k020-island_0	792	908	202	98	0.15	0.99
phylter-k020-island_0	71	1729	24	176	0.1	0.33
phylter-k020-island_0	595	1205	6	194	0.1	0.99
phylter-k020-island_0	905	995	0	100	0.05	0.33
phylter-k020-island_0	147	1453	36	364	0.2	0.33
phylter-k020-island_0	643	1057	138	162	0.15	0.33
phylter-k020-island_0	93	1707	20	180	0.1	0.33
phylter-k020-island_0	1109	391	332	168	0.25	0.66
phylter-k020-island_0	274	1426	80	220	0.15	0.33
phylter-k020-island_0	482	1118	90	310	0.2	0.66
phylter-k020-island_0	1143	557	120	180	0.15	0.33
phylter-k020-island_0	753	1047	0	200	0.1	0.99
phylter-k020-island_0	980	920	0	100	0.05	0.33
phylter-k020-island_0	1473	27	493	7	0.25	0.33
phylter-k020-island_0	168	1432	18	382	0.2	0.99
phylter-k020-island_0	363	1037	119	481	0.3	0.33
phylter-k020-island_0	224	1376	67	333	0.2	0.66
phylter-k020-island_0	1203	597	84	116	0.1	0.33
phylter-k020-island_0	614	1286	31	69	0.05	0.66
phylter-k020-island_0	746	1054	78	122	0.1	0.66
phylter-k020-island_0	871	529	304	296	0.3	0.66
phylter-k020-island_0	518	1282	200	0	0.1	0.66
phylter-k020-island_0	344	1056	113	487	0.3	0.33
phylter-k020-island_0	213	1687	15	85	0.05	0.33
phylter-k020-island_0	1154	746	54	46	0.05	0.66
phylter-k020-island_0	214	1186	100	500	0.3	0.66
phylter-k020-island_0	1036	464	497	3	0.25	0.99
phylter-k020-island_0	451	1149	123	277	0.2	0.66
phylter-k020-island_0	928	872	1	199	0.1	0.33
phylter-k020-island_0	507	1393	3	97	0.05	0.66
phylter-k020-island_0	934	666	259	141	0.2	0.99
phylter-k020-island_0	989	911	0	100	0.05	0.33
phylter-k020-island_0	202	1198	183	417	0.3	0.33
phylter-k020-island_0	1007	793	97	103	0.1	0.33
phylter-k020-island_0	121	1779	13	87	0.05	0.66
phylter-k020-island_0	994	606	181	219	0.2	0.66
phylter-k020-island_0	646	954	190	210	0.2	0.99
phylter-k020-island_0	701	1199	25	75	0.05	0.33
phylter-k020-island_0	368	1032	312	288	0.3	0.66
phylter-k020-island_0	288	1212	235	265	0.25	0.99
phylter-k020-island_0	259	1541	55	145	0.1	0.66
phylter-k020-island_0	883	1017	94	6	0.05	0.99
phylter-k020-island_0	739	661	320	280	0.3	0.66
phylter-k020-island_0	544	1056	82	318	0.2	0.99
phylter-k020-island_0	27	1773	6	194	0.1	0.66
phylter-k020-island_0	134	1666	11	189	0.1	0.99
phylter-k020-island_0	490	1110	313	87	0.2	0.99
phylter-k020-island_0	1082	718	61	139	0.1	0.33
phylter-k020-island_0	926	474	506	94	0.3	0.66
phylter-k020-island_0	1049	351	571	29	0.3	0.99
phylter-k020-island_0	1174	726	60	40	0.05	0.66
phylter-k020-island_0	1261	239	181	319	0.25	0.99
phylter-k020-island_0	1522	378	99	1	0.05	0.99
phylter-k020-island_0	979	921	0	100	0.05	0.99
phylter-k020-island_0	944	556	263	237	0.25	0.99
phylter-k020-island_0	849	751	82	318	0.2	0.99
phylter-k020-island_0	191	1609	21	179	0.1	0.99
phylter-k020-island_0	851	549	203	397	0.3	0.66
phylter-k020-island_0	601	799	556	44	0.3	0.99
phylter-k020-island_0	440	1460	28	72	0.05	0.66
phylter-k020-island_0	797	703	280	220	0.25	0.33
phylter-k020-island_0	289	1211	160	340	0.25	0.66
phylter-k020-island_0	716	684	600	0	0.3	0.99
phylter-k020-island_0	453	1247	288	12	0.15	0.99
phylter-k020-island_0	607	793	199	401	0.3	0.33
phylter-k020-island_0	1262	438	181	119	0.15	0.66
phylter-k020-island_0	713	887	144	256	0.2	0.33
phylter-k020-island_0	277	1423	55	245	0.15	0.33
phylter-k020-island_0	405	995	212	388	0.3	0.33
phylter-k020-island_0	244	1456	28	272	0.15	0.99
phylter-k020-island_0	843	757	251	149	0.2	0.33
phylter-k020-island_0	676	1024	24	276	0.15	0.66
phylter-k020-island_0	619	1181	65	135	0.1	0.99
phylter-k020-island_0	719	1081	0	200	0.1	0.99
phylter-k020-island_0	754	646	596	4	0.3	0.99
phylter-k020-island_0	773	627	137	463	0.3	0.66
phylter-k020-island_0	928	872	0	200	0.1	0.66
phylter-k020-island_0	968	532	328	172	0.25	0.66
phylter-k020-island_0	317	1383	52	248	0.15	0.33
phylter-k020-island_0	329	1271	144	256	0.2	0.99
phylter-k020-island_0	865	1035	98	2	0.05	0.99
phylter-k020-island_0	294	1206	500	0	0.25	0.33
phylter-k020-island_0	717	1183	86	14	0.05	0.99
phylter-k020-island_0	576	924	183	317	0.25	0.33
phylter-k020-island_0	585	1015	332	68	0.2	0.99
phylter-k020-island_0	1167	633	46	154	0.1	0.99
phylter-k020-island_0	950	650	152	248	0.2	0.33
phylter-k020-island_0	1512	188	293	7	0.15	0.33
phylter-k020-island_0	1282	518	107	93	0.1	0.66
phylter-k020-island_0	916	584	232	268	0.25	0.66
phylter-k020-island_0	1056	344	482	118	0.3	0.99
phylter-k020-island_0	746	654	60	540	0.3	0.66
phylter-k020-island_0	765	935	0	300	0.15	0.99
phylter-k020-island_0	470	1030	154	346	0.25	0.33
phylter-k020-island_0	1134	266	589	11	0.3	0.99
phylter-k020-island_0	1168	532	91	209	0.15	0.99
phylter-k020-island_0	689	1111	127	73	0.1	0.33
phylter-k020-island_0	774	726	1	499	0.25	0.66
phylter-k020-island_0	825	875	96	204	0.15	0.33
phylter-k020-island_0	803	797	1	399	0.2	0.66
phylter-k020-island_0	3	1397	0	600	0.3	0.99
phylter-k020-island_0	732	968	105	195	0.15	0.33
phylter-k020-island_0	912	688	171	229	0.2	0.33
phylter-k020-island_0	38	1862	11	89	0.05	0.33
phylter-k020-island_0	591	1209	19	181	0.1	0.99
phylter-k020-island_0	1152	448	247	153	0.2	0.66
phylter-k020-island_0	948	752	1	299	0.15	0.33
phylter-k020-island_0	1004	496	265	235	0.25	0.66
phylter-k020-island_0	276	1524	42	158	0.1	0.33
phylter-k020-island_0	102	1798	19	81	0.05	0.33
phylter-k020-island_0	704	1096	200	0	0.1	0.99
phylter-k020-island_0	860	840	158	142	0.15	0.33
phylter-k020-island_0	681	819	255	245	0.25	0.33
phylter-k020-island_0	220	1180	95	505	0.3	0.33
phylter-k020-island_0	1254	446	135	165	0.15	0.66
phylter-k020-island_0	559	1241	121	79	0.1	0.99
phylter-k020-island_0	351	1249	62	338	0.2	0.33
phylter-k020-island_0	556	1144	106	194	0.15	0.99
phylter-k020-island_0	1201	199	328	272	0.3	0.99
phylter-k020-island_0	220	1480	36	264	0.15	0.33
phylter-k020-island_0	362	1138	129	371	0.25	0.33
phylter-k020-island_0	1141	459	283	117	0.2	0.33
phylter-k020-island_0	729	971	94	206	0.15	0.66
phylter-k020-island_0	704	696	303	297	0.3	0.33
phylter-k020-island_0	438	962	353	247	0.3	0.99
phylter-k020-island_0	352	1348	277	23	0.15	0.99
phylter-k020-island_0	709	791	0	500	0.25	0.66
phylter-k020-island_0	834	566	0	600	0.3	0.66
phylter-k020-island_0	921	579	185	315	0.25	0.99
phylter-k020-island_0	37	1763	28	172	0.1	0.33
phylter-k020-island_0	515	1385	48	52	0.05	0.66
phylter-k020-island_0	255	1345	45	355	0.2	0.66
phylter-k020-island_0	186	1214	47	553	0.3	0.33
phylter-k020-island_0	1111	489	251	149	0.2	0.99
phylter-k020-island_0	173	1727	11	89	0.05	0.33
phylter-k020-island_0	808	792	0	400	0.2	0.66
phylter-k020-island_0	1412	388	132	68	0.1	0.33
phylter-k020-island_0	613	1287	45	55	0.05	0.66
phylter-k020-island_0	517	1083	391	9	0.2	0.99
phylter-k020-island_0	41	1859	17	83	0.05	0.33
phylter-k020-island_0	1121	379	489	11	0.25	0.99
phylter-k020-island_0	801	599	1	599	0.3	0.33
phylter-k020-island_0	1123	477	156	244	0.2	0.99
phylter-k020-island_0	214	1686	35	65	0.05	0.66
phylter-k020-island_0	514	1286	47	153	0.1	0.33
phylter-k020-island_0	243	1357	83	317	0.2	0.66
phylter-k020-island_0	993	807	93	107	0.1	0.66
phylter-k020-island_0	806	594	251	349	0.3	0.66
phylter-k020-island_0	907	893	101	99	0.1	0.66
phylter-k020-island_0	236	1664	45	55	0.05	0.33
phylter-k020-island_0	793	607	373	227	0.3	0.33
phylter-k020-island_0	914	986	0	100	0.05	0.66
phylter-k020-island_0	681	719	587	13	0.3	0.99
phylter-k020-island_0	995	905	40	60	0.05	0.66
phylter-k020-island_0	161	1439	45	355	0.2	0.33
phylter-k020-island_0	831	669	237	263	0.25	0.66
phylter-k020-island_0	73	1427	53	447	0.25	0.66
phylter-k020-island_0	1002	898	1	99	0.05	0.33
phylter-k020-island_0	273	1227	55	445	0.25	0.99
phylter-k020-island_0	415	1185	79	321	0.2	0.33
phylter-k020-island_0	896	1004	66	34	0.05	0.99
phylter-k020-island_0	874	626	492	8	0.25	0.99
phylter-k020-island_0	338	1562	22	78	0.05	0.33
phylter-k020-island_0	544	1056	391	9	0.2	0.99
phylter-k020-island_0	18	1582	31	369	0.2	0.66
phylter-k020-island_0	419	1281	300	0	0.15	0.33
phylter-k020-island_0	999	901	26	74	0.05	0.66
phylter-k020-island_0	587	813	495	105	0.3	0.99
phylter-k020-island_0	813	587	322	278	0.3	0.66
phylter-k020-island_0	930	970	49	51	0.05	0.33
phylter-k020-island_0	470	1130	60	340	0.2	0.99
phylter-k020-island_0	971	929	0	100	0.05	0.66
phylter-k020-island_0	764	636	573	27	0.3	0.99
phylter-k020-island_0	190	1210	67	533	0.3	0.66
phylter-k020-island_0	550	950	106	394	0.25	0.66
phylter-k020-island_0	425	1175	109	291	0.2	0.66
phylter-k020-island_0	433	1067	453	47	0.25	0.99
phylter-k020-island_0	1008	892	0	100	0.05	0.33
phylter-k020-island_0	971	929	0	100	0.05	0.99
phylter-k020-island_0	358	1242	82	318	0.2	0.33
phylter-k020-island_0	322	1178	500	0	0.25	0.33
phylter-k020-island_0	54	1346	22	578	0.3	0.33
phylter-k020-island_0	382	1318	83	217	0.15	0.66
phylter-k020-island_0	294	1406	71	229	0.15	0.99
phylter-k020-island_0	861	739	0	400	0.2	0.66
phylter-k020-island_0	848	852	213	87	0.15	0.99
phylter-k020-island_0	26	1774	24	176	0.1	0.33
phylter-k020-island_0	552	848	268	332	0.3	0.33
phylter-k020-island_0	792	908	1	299	0.15	0.66
phylter-k020-island_0	594	1006	215	185	0.2	0.99
phylter-k020-island_0	833	667	403	97	0.25	0.99
phylter-k020-island_0	668	932	269	131	0.2	0.99
phylter-k020-island_0	822	878	140	160	0.15	0.66
phylter-k020-island_0	307	1493	41	159	0.1	0.33
phylter-k020-island_0	970	930	1	99	0.05	0.66
phylter-k020-island_0	154	1246	119	481	0.3	0.33
phylter-k020-island_0	360	1240	377	23	0.2	0.99
phylter-k020-island_0	436	1364	200	0	0.1	0.33
phylter-k020-island_0	885	1015	0	100	0.05	0.66
phylter-k020-island_0	615	885	283	217	0.25	0.99
phylter-k020-island_0	963	637	218	182	0.2	0.66
phylter-k020-island_0	25	1675	7	293	0.15	0.33
phylter-k020-island_0	432	1068	149	351	0.25	0.66
phylter-k020-island_0	322	1478	22	178	0.1	0.33
phylter-k020-island_0	456	1344	74	126	0.1	0.99
phylter-k020-island_0	149	1751	14	86	0.05	0.99
phylter-k020-island_0	169	1231	70	530	0.3	0.33
phylter-k020-island_0	979	521	250	250	0.25	0.33
phylter-k020-island_0	927	573	234	266	0.25	0.99
phylter-k020-island_0	837	663	485	15	0.25	0.99
phylter-k020-island_0	224	1276	110	390	0.25	0.33
phylter-k020-island_0	1316	484	113	87	0.1	0.33
phylter-k020-island_0	209	1291	72	428	0.25	0.66
phylter-k020-island_0	297	1403	65	235	0.15	0.33
phylter-k020-island_0	839	1061	92	8	0.05	0.99
phylter-k020-island_0	418	1282	81	219	0.15	0.66
phylter-k020-island_0	767	1033	190	10	0.1	0.99
phylter-k020-island_0	1238	262	474	26	0.25	0.99
phylter-k020-island_0	799	1001	0	200	0.1	0.66
phylter-k020-island_0	475	1125	153	247	0.2	0.33
phylter-k020-island_0	757	943	0	300	0.15	0.66
phylter-k020-island_0	831	569	425	175	0.3	0.33
phylter-k020-island_0	740	1160	100	0	0.05	0.99
phylter-k020-island_0	1130	570	229	71	0.15	0.99
phylter-k020-island_0	339	1461	48	152	0.1	0.33
phylter-k020-island_0	836	564	1	599	0.3	0.33
phylter-k020-island_0	39	1661	7	293	0.15	0.66
phylter-k020-island_0	627	973	52	348	0.2	0.33
phylter-k020-island_0	472	1228	281	19	0.15	0.99
phylter-k020-island_0	932	868	15	185	0.1	0.66
phylter-k020-island_0	764	836	0	400	0.2	0.66
phylter-k020-island_0	230	1470	43	257	0.15	0.33
phylter-k020-island_0	269	1231	150	350	0.25	0.66
phylter-k020-island_0	866	834	18	282	0.15	0.99
phylter-k020-island_0	533	867	299	301	0.3	0.66
phylter-k020-island_0	754	646	585	15	0.3	0.99
phylter-k020-island_0	696	1104	0	200	0.1	0.99
phylter-k020-island_0	471	1429	39	61	0.05	0.33
phylter-k020-island_0	432	1168	110	290	0.2	0.33
phylter-k020-island_0	1180	620	91	109	0.1	0.33
phylter-k020-island_0	330	1570	8	92	0.05	0.99
phylter-k020-island_0	305	1195	102	398	0.25	0.33
phylter-k020-island_0	767	1033	0	200	0.1	0.66
phylter-k020-island_0	898	1002	1	99	0.05	0.99
phylter-k020-island_0	684	816	148	352	0.25	0.33
phylter-k020-island_0	481	919	121	479	0.3	0.66
phylter-k020-island_0	1062	338	439	161	0.3	0.99
phylter-k020-island_0	626	874	248	252	0.25	0.66
phylter-k020-island_0	760	940	92	208	0.15	0.33
phylter-k020-island_0	244	1356	125	275	0.2	0.66
phylter-k020-island_0	825	975	111	89	0.1	0.99
phylter-k020-island_0	624	1276	25	75	0.05	0.33
phylter-k020-island_0	1417	83	491	9	0.25	0.33
phylter-k020-island_0	766	1034	1	199	0.1	0.66
phylter-k020-island_0	763	1037	86	114	0.1	0.33
phylter-k020-island_0	738	862	1	399	0.2	0.33
phylter-k020-island_0	36	1664	7	293	0.15	0.66
phylter-k020-island_0	225	1575	17	183	0.1	0.99
phylter-k020-island_0	37	1663	46	254	0.15	0.33
phylter-k020-island_0	641	1059	295	5	0.15	0.99
phylter-k020-island_0	19	1681	34	266	0.15	0.66
phylter-k020-island_0	803	797	1	399	0.2	0.33
phylter-k020-island_0	729	771	286	214	0.25	0.66
phylter-k020-island_0	486	1214	293	7	0.15	0.99
phylter-k020-island_0	1054	346	506	94	0.3	0.99
phylter-k020-island_0	261	1239	81	419	0.25	0.33
phylter-k020-island_0	127	1373	60	440	0.25	0.33
phylter-k020-island_0	33	1767	23	177	0.1	0.33
phylter-k020-island_0	1007	793	89	111	0.1	0.66
