1	T101	T189	149292994.35561314	10206.263417268561
1	T101	T84	149292994.35561314	10206.263417268561
1	T106	T137	16390917308.80505	220689.88666438102
1	T106	T78	16390917308.80505	220689.88666438102
1	T124	T51	1423716852.4397914	89598.10976240858
1	T124	T79	1423716852.4397914	89598.10976240858
1	T131	T104	632738590.0438737	54007.931890484244
1	T131	T168	632738590.0438737	54007.931890484244
1	T161	T135	1976571141.9385993	20655.24135923894
1	T19	T40	106010772803.9587	276870.06337808276
1	T55	T101	1937202178.3975203	101937.38238673969
1	T57	T139	1521028297.8942926	94104.95241503116
1	T57	T25	1521028297.8942926	94104.95241503116
1	T58	T114	35657158777.46562	440148.5062310216
1	T58	T167	35657158777.46562	440148.5062310216
1	T66	T3	115268722929.14456	845120.3466237675
1	T70	T46	7469986423.265516	218902.55789369138
1	T70	T85	7469986423.265516	218902.55789369138
1	T83	T148	30848910118.76179	401924.2218469361
1	T83	T74	30848910118.76179	401924.2218469361
2	T112	T104	2553099532.4748845	8904.407268521825
2	T112	T6	2553099532.4748845	8904.407268521825
2	T133	T161	41665977256.33363	405612.22748445446
2	T142	T63	18027038008.641926	296153.2918421503
2	T148	T28	3916401136.70983	115960.95491027481
2	T156	T102	2520968464.7923822	7070.159162837101
2	T156	T127	2520968464.7923822	7070.159162837101
2	T169	T112	2599028232.635039	16856.304451375003
2	T185	T49	38826877453.81388	469339.1605341225
2	T185	T90	38826877453.81388	469339.1605341225
2	T26	T110	475446174.3955145	41831.94930294998
2	T26	T66	475446174.3955145	41831.94930294998
2	T53	T105	66328326148.0104	481735.57558929065
2	T53	T60	66328326148.0104	481735.57558929065
2	T80	T58	41991197938.38375	501867.801481592
2	T80	T82	41991197938.38375	501867.801481592
2	T86	T166	88914211688.90276	334356.72856188886
2	T86	T197	88914211688.90276	334356.72856188886
2	T99	T132	2556346376.1677794	15229.407222324347
2	T99	T94	2556346376.1677794	15229.407222324347
3	T112	T196	62243291315.2359	466057.1383472005
3	T112	T79	62243291315.2359	466057.1383472005
3	T11	T8	1668302893.4060063	31452.082539049974
3	T133	T63	34487606919.33155	460998.65804794605
3	T133	T95	34487606919.33155	460998.65804794605
3	T141	T15	811136353.7561576	48143.608109660934
3	T141	T98	811136353.7561576	48143.608109660934
3	T143	T1	46691166589.55863	542461.3630681913
3	T143	T96	46691166589.55863	542461.3630681913
3	T154	T122	153068972096.75055	457615.5219094006
3	T154	T129	153068972096.75055	457615.5219094006
3	T171	T16	61147211888.938	572016.5893173078
3	T182	T141	245374537277.73663	1223079.4104395849
3	T192	T131	2468958872.137987	14159.981404605835
3	T22	T116	865158201.8279667	14227.078281384369
3	T22	T67	865158201.8279667	14227.078281384369
3	T83	T50	820338675.8494627	51990.63594199485
3	T83	T51	820338675.8494627	51990.63594199485
3	T8	T142	362260925.5290755	1148.1690849736294
3	T8	T78	362260925.5290755	1148.1690849736294
4	T113	T184	43435285737.633514	391282.14650401834
4	T113	T52	43435285737.633514	391282.14650401834
4	T122	T125	115538424281.7529	529788.1451651494
4	T122	T151	115538424281.7529	529788.1451651494
4	T137	T115	47746842013.77273	448711.284352426
4	T137	T179	47746842013.77273	448711.284352426
4	T18	T60	170860932.73083815	19960.236113100877
4	T18	T64	170860932.73083815	19960.236113100877
4	T197	T102	2845660405.27337	54774.543791235745
4	T197	T193	2845660405.27337	54774.543791235745
4	T21	T111	46781264731.05449	503565.991701083
4	T21	T24	46781264731.05449	503565.991701083
4	T30	T189	2059910608.0321724	81392.11131242984
4	T30	T26	2059910608.0321724	81392.11131242984
4	T5	T133	25531198209.659157	370202.20090146095
4	T5	T73	25531198209.659157	370202.20090146095
4	T83	T139	26287405.861788534	7872.175728726976
4	T83	T63	26287405.861788534	7872.175728726976
4	T8	T4	676930672.1727989	15663.067482395874
4	T8	T49	676930672.1727989	15663.067482395874
5	T115	T70	2067660551.981233	3757.335205298792
5	T115	T79	2067660551.981233	3757.335205298792
5	T127	T190	457713275786.03986	1610875.0398138114
5	T127	T53	457713275786.03986	1610875.0398138114
5	T130	T42	38737606904.15477	371373.8113614019
5	T154	T187	36132346785.965256	407403.57832643884
5	T154	T74	36132346785.965256	407403.57832643884
5	T167	T156	2168774941.6609855	72158.02713917414
5	T167	T30	2168774941.6609855	72158.02713917414
5	T198	T172	97633631734.94427	759097.8384468952
5	T198	T80	97633631734.94427	759097.8384468952
5	T1	T152	33788891501.37027	396027.6091716353
5	T1	T78	33788891501.37027	396027.6091716353
5	T41	T116	43846869070.79887	406420.58058437455
5	T63	T50	1987018212.0758374	28615.72247069482
5	T63	T90	1987018212.0758374	28615.72247069482
5	T71	T117	1152863020.9429882	65897.3088545707
5	T71	T95	1152863020.9429882	65897.3088545707
5	T97	T139	197754511.30646294	8741.75121367712
5	T97	T36	197754511.30646294	8741.75121367712
6	T111	T172	1808081191.0821958	7829.413055289943
6	T111	T68	1808081191.0821958	7829.413055289943
6	T112	T130	1452627554.9350722	66603.12870193971
6	T112	T72	1452627554.9350722	66603.12870193971
6	T124	T117	44733706763.509026	399862.51903682726
6	T124	T34	44733706763.509026	399862.51903682726
6	T18	T30	20873503319.729797	345708.10166430013
6	T30	T47	1397968227.9129822	14129.517778033549
6	T47	T104	1049981596.4981819	12677.580483460395
6	T47	T160	1049981596.4981819	12677.580483460395
6	T49	T136	2587775271.359316	5255.570227658614
6	T49	T147	2587775271.359316	5255.570227658614
6	T4	T164	61282135884.90495	339516.51551410486
6	T4	T23	61282135884.90495	339516.51551410486
6	T57	T146	43526146121.53827	452250.2872169283
6	T57	T99	43526146121.53827	452250.2872169283
6	T76	T13	53118165480.61182	458934.6068688807
6	T86	T108	3745696976.479346	88190.50408285034
6	T95	T187	81590917401.32983	708748.6367577455
6	T95	T56	81590917401.32983	708748.6367577455
7	T117	T112	5509356025.827522	117473.8483900355
7	T117	T124	5509356025.827522	117473.8483900355
7	T139	T37	1780383857.8011036	59338.389956129526
7	T139	T52	1780383857.8011036	59338.389956129526
7	T155	T3	64111597228.65598	406642.54268802516
7	T155	T82	64111597228.65598	406642.54268802516
7	T17	T152	77316411752.48135	544719.5211073202
7	T17	T80	77316411752.48135	544719.5211073202
7	T189	T153	59984895268.38908	506190.14648903214
7	T189	T6	59984895268.38908	506190.14648903214
7	T191	T109	98699188180.9037	762249.9721811871
7	T191	T171	98699188180.9037	762249.9721811871
7	T46	T144	526181785.0796024	26406.46175586224
7	T46	T63	526181785.0796024	26406.46175586224
7	T56	T25	937142437.1058956	21942.592849732424
7	T56	T43	937142437.1058956	21942.592849732424
7	T88	T61	110285814406.23857	798646.3089162754
7	T88	T91	110285814406.23857	798646.3089162754
7	T98	T129	987812118.2917995	62421.449540706744
7	T98	T54	987812118.2917995	62421.449540706744
8	T108	T126	138627013.55437636	24266.03417973179
8	T108	T61	138627013.55437636	24266.03417973179
8	T118	T57	16351640766.236038	317035.3602863505
8	T131	T40	41607200444.49312	397657.3873096033
8	T148	T116	36161666122.140366	413513.10871801194
8	T148	T125	36161666122.140366	413513.10871801194
8	T15	T117	2114091534.4793103	46585.820968711014
8	T15	T38	2114091534.4793103	46585.820968711014
8	T167	T107	309091019.292189	10043.951147005266
8	T167	T139	309091019.292189	10043.951147005266
8	T200	T179	577242478.4030406	51177.82385918785
8	T200	T2	577242478.4030406	51177.82385918785
8	T24	T167	12735242537.673391	299665.76630830206
8	T55	T49	36227215374.01787	414219.67459329794
8	T55	T62	36227215374.01787	414219.67459329794
8	T57	T124	52394722.78239004	11489.922604638194
8	T57	T28	52394722.78239004	11489.922604638194
8	T64	T50	35631407417.442856	514742.62711681024
8	T70	T175	76852639644.98784	377755.2995303527
8	T79	T19	34729245733.70464	285400.3689389897
9	T100	T164	105185548671.87163	656582.5753296673
9	T100	T85	105185548671.87163	656582.5753296673
9	T118	T142	722249517.6847088	35388.98765639956
9	T118	T160	722249517.6847088	35388.98765639956
9	T125	T118	339630451248.9871	410744.30492263974
9	T152	T43	40756227778.69845	441230.70179452735
9	T173	T104	85941790.838761	3613.827762647021
9	T173	T136	85941790.838761	3613.827762647021
9	T31	T57	82548002276.50002	667281.8595642188
9	T31	T63	82548002276.50002	667281.8595642188
9	T43	T27	736050792.4552622	14224.82430621029
9	T43	T51	736050792.4552622	14224.82430621029
9	T49	T155	230360790.59618765	14253.445139762263
9	T49	T16	230360790.59618765	14253.445139762263
9	T8	T162	101841629418.1256	473942.71452735405
9	T8	T165	101841629418.1256	473942.71452735405
9	T92	T143	95549471.35620229	11370.47815867922
9	T92	T2	95549471.35620229	11370.47815867922
9	T93	T21	35531566658.67732	475350.9661182679
9	T93	T65	35531566658.67732	475350.9661182679
10	T107	T113	20243300628.803734	340946.05472248927
10	T111	T109	2017028363.193768	72913.148647853
10	T111	T197	2017028363.193768	72913.148647853
10	T113	T102	868128319.0552471	35589.4045102989
10	T113	T177	868128319.0552471	35589.4045102989
10	T118	T130	292885948515.8183	1310590.3860887073
10	T118	T17	292885948515.8183	1310590.3860887073
10	T147	T83	75263051732.09021	309315.28927136946
10	T156	T106	1305334464.9492822	21337.11832317684
10	T156	T92	1305334464.9492822	21337.11832317684
10	T189	T1	42271185728.8908	503622.55538200086
10	T189	T26	42271185728.8908	503622.55538200086
10	T48	T192	181823089541.36337	889009.1677199762
10	T48	T57	181823089541.36337	889009.1677199762
10	T65	T142	88312068779.00426	467398.9260454323
10	T65	T28	88312068779.00426	467398.9260454323
10	T68	T22	1568242898.1360972	56345.489687319765
10	T68	T70	1568242898.1360972	56345.489687319765
10	T78	T135	2195445245.3593316	33435.8481109842
10	T90	T156	1364242744.820332	5525.792315002182
11	T103	T184	98372166792.89488	524731.9675440919
11	T103	T97	98372166792.89488	524731.9675440919
11	T113	T180	67975310315.712265	730709.4669060847
11	T137	T108	1593609385.9027896	92119.11281456845
11	T137	T111	1593609385.9027896	92119.11281456845
11	T138	T33	37409069176.02027	470461.8439447045
11	T153	T138	112449165716.20464	475509.99182227725
11	T200	T50	1859737761.5366454	16398.31911715162
11	T27	T144	46995504691.370605	406711.2695925211
11	T33	T149	1652441890.522472	71388.84075049125
11	T33	T35	1652441890.522472	71388.84075049125
11	T4	T12	75481215446.75949	564833.759393939
11	T4	T13	75481215446.75949	564833.759393939
11	T67	T31	410894186.4380534	45905.77905524462
11	T67	T44	410894186.4380534	45905.77905524462
11	T93	T173	63671036061.67727	550143.61063612
11	T93	T182	63671036061.67727	550143.61063612
11	T94	T168	1478200015.800609	41622.93859346327
11	T94	T58	1478200015.800609	41622.93859346327
11	T95	T67	1525664165.8124225	35905.23574480326
12	T115	T28	1196613372.8966434	37525.42975160138
12	T115	T69	1196613372.8966434	37525.42975160138
12	T122	T101	24731555812.25451	326276.1871767213
12	T122	T71	24731555812.25451	326276.1871767213
12	T135	T118	663724746.6768124	17862.113489739895
12	T135	T200	663724746.6768124	17862.113489739895
12	T140	T135	1010735562.3589307	479.7245255974908
12	T156	T46	76679563692.49992	453587.7384881601
12	T158	T110	1879459075.3918316	3564.644783604356
12	T158	T180	1879459075.3918316	3564.644783604356
12	T178	T44	181290642.4028972	23649.893796707292
12	T178	T87	181290642.4028972	23649.893796707292
12	T188	T189	1900883556.3502796	75587.7489322345
12	T2	T178	73223064401.99956	756304.5200480111
12	T43	T121	49950461119.75909	360689.5874158277
12	T66	T113	69694798530.97911	579439.1176321604
12	T74	T157	41729570883.17497	487857.9670354685
12	T74	T32	41729570883.17497	487857.9670354685
12	T78	T163	99567407368.3335	502043.0130623804
12	T85	T24	52445069340.39046	317938.1340716941
13	T116	T171	1147349713.4595203	43609.66618804011
13	T116	T6	1147349713.4595203	43609.66618804011
13	T120	T160	2190245368.3369193	40797.015231871024
13	T120	T88	2190245368.3369193	40797.015231871024
13	T131	T151	783175599.52825	14727.914010853274
13	T131	T156	783175599.52825	14727.914010853274
13	T153	T29	40496341763.34044	477971.68353336735
13	T153	T80	40496341763.34044	477971.68353336735
13	T161	T164	51361776868.83614	436233.0218535186
13	T161	T182	51361776868.83614	436233.0218535186
13	T173	T137	3265176750.3870754	85215.81193685402
13	T173	T39	3265176750.3870754	85215.81193685402
13	T194	T111	228333405.9136409	16283.654449678254
13	T194	T37	228333405.9136409	16283.654449678254
13	T19	T22	78393669055.32042	415867.57775788585
13	T19	T31	78393669055.32042	415867.57775788585
13	T30	T110	150417628869.69513	834918.2259314726
13	T30	T198	150417628869.69513	834918.2259314726
13	T58	T15	67912697293.07654	509246.8130828559
13	T78	T52	106400770827.25204	607386.786232752
14	T107	T150	206841242822.53802	520000.45942876954
14	T107	T176	206841242822.53802	520000.45942876954
14	T140	T11	112178914173.02351	546938.183923338
14	T146	T29	1818824856.418322	54666.1685061312
14	T146	T58	1818824856.418322	54666.1685061312
14	T175	T108	31833920536.66555	444784.54428336443
14	T175	T64	31833920536.66555	444784.54428336443
14	T184	T17	393383395.1781932	1039.3339049488186
14	T184	T76	393383395.1781932	1039.3339049488186
14	T185	T184	1051351742.2364204	49928.097207735394
14	T24	T109	1224888143.4369416	30716.393181425905
14	T24	T27	1224888143.4369416	30716.393181425905
14	T2	T185	2133144681.8764894	45055.93088585878
14	T35	T86	150788895059.60013	875739.2457379057
14	T35	T93	150788895059.60013	875739.2457379057
14	T52	T19	45712459917.69966	536658.7322734431
14	T52	T91	45712459917.69966	536658.7322734431
14	T61	T68	136167179913.76315	668195.7533624066
14	T80	T116	2788391122.095439	113409.26385726742
14	T80	T20	2788391122.095439	113409.26385726742
15	T105	T112	640953302.0234406	24200.485231586863
15	T105	T81	640953302.0234406	24200.485231586863
15	T126	T131	58358249310.15001	374208.13473973644
15	T126	T137	58358249310.15001	374208.13473973644
15	T136	T45	3655166267.4060364	101450.48264764297
15	T136	T85	3655166267.4060364	101450.48264764297
15	T14	T174	19435839239.22008	312612.56465716223
15	T14	T99	19435839239.22008	312612.56465716223
15	T150	T4	3566041257.564869	76549.05731251591
15	T150	T95	3566041257.564869	76549.05731251591
15	T15	T167	2232939858.0969696	14589.238265145945
15	T15	T80	2232939858.0969696	14589.238265145945
15	T171	T115	19627761693.100624	324960.68858451146
15	T171	T179	19627761693.100624	324960.68858451146
15	T25	T178	31701462427.41135	271311.9252657526
15	T47	T132	102998696309.94107	419305.69993756304
15	T47	T151	102998696309.94107	419305.69993756304
15	T54	T103	150593072.1717889	1708.726305280071
15	T54	T30	150593072.1717889	1708.726305280071
15	T72	T136	33843089135.168385	304454.7434603764
16	T104	T112	105600044291.26294	570352.8424926227
16	T104	T34	105600044291.26294	570352.8424926227
16	T125	T38	1704768562.09089	61584.66402832811
16	T125	T43	1704768562.09089	61584.66402832811
16	T135	T196	121551708092.6592	605998.7839125809
16	T183	T174	1567764424.5432508	94664.39567201004
16	T183	T97	1567764424.5432508	94664.39567201004
16	T21	T100	1441958173.036446	64183.187743047194
16	T21	T29	1441958173.036446	64183.187743047194
16	T25	T193	119428401984.05641	835187.8290324198
16	T26	T116	84580845405.39622	478904.5342692495
16	T26	T5	84580845405.39622	478904.5342692495
16	T32	T113	52018328235.238754	558334.2220764575
16	T32	T31	52018328235.238754	558334.2220764575
16	T4	T142	324810523078.0223	583127.9268830722
16	T4	T28	324810523078.0223	583127.9268830722
16	T58	T161	1105823856.9067261	33299.724924804184
16	T58	T45	1105823856.9067261	33299.724924804184
16	T83	T154	227845703.82929912	10541.85649156107
16	T83	T84	227845703.82929912	10541.85649156107
17	T112	T15	1557000140.0768561	25090.615305863575
17	T112	T38	1557000140.0768561	25090.615305863575
17	T115	T114	38652642810.0473	417683.21753095754
17	T115	T162	38652642810.0473	417683.21753095754
17	T127	T17	28138230186.393047	404914.17667660373
17	T127	T76	28138230186.393047	404914.17667660373
17	T131	T28	81516341185.46608	730797.2706577033
17	T141	T34	418524223.99693507	20368.885262549717
17	T141	T63	418524223.99693507	20368.885262549717
17	T159	T169	149228174458.09555	731382.2288417771
17	T159	T181	149228174458.09555	731382.2288417771
17	T160	T137	1540806906.780157	94170.55360269222
17	T160	T57	1540806906.780157	94170.55360269222
17	T185	T4	95816625031.14368	569656.8457402956
17	T196	T52	34292990876.51363	387766.00614500325
17	T24	T170	86645095414.6795	464222.02180332184
17	T68	T151	808938044.6800088	54842.49508993731
17	T68	T55	808938044.6800088	54842.49508993731
17	T74	T139	1987063725.8500862	37445.678495702865
17	T74	T42	1987063725.8500862	37445.678495702865
18	T115	T16	179802736059.7375	652982.9646566149
18	T115	T69	179802736059.7375	652982.9646566149
18	T116	T24	78421465191.39468	583481.5887343594
18	T116	T64	78421465191.39468	583481.5887343594
18	T126	T195	4030171820.6643915	56530.159095328374
18	T128	T65	60854556932.267586	442762.80585154897
18	T143	T168	1835108703.2790387	45014.34848450858
18	T168	T132	613354901.7506214	42206.205414615215
18	T168	T26	613354901.7506214	42206.205414615215
18	T195	T17	2079951084.2984607	96388.76119453338
18	T195	T178	2079951084.2984607	96388.76119453338
18	T23	T126	4810592906.916295	6553.066234219927
18	T31	T97	30286931755.69468	429102.13124531397
18	T36	T142	72165851733.0193	553617.7361785548
18	T36	T93	72165851733.0193	553617.7361785548
18	T44	T135	150859816296.0547	965039.7924639325
18	T44	T33	150859816296.0547	965039.7924639325
18	T52	T189	556723166.2974056	8404.840081497237
18	T52	T74	556723166.2974056	8404.840081497237
18	T71	T145	5156855858.069086	156217.984581583
19	T113	T50	91328402570.5698	306601.13535007206
19	T113	T5	91328402570.5698	306601.13535007206
19	T150	T137	941339387.3241341	32725.57314713194
19	T150	T168	941339387.3241341	32725.57314713194
19	T179	T97	159140355745.94467	294455.49873249064
19	T180	T158	1349830823.0763078	55890.21380732316
19	T180	T88	1349830823.0763078	55890.21380732316
19	T181	T27	31876075519.892147	389224.97783110524
19	T197	T38	185462510171.2331	423259.6633767527
19	T19	T47	1609228960.4986806	32174.67711484918
19	T26	T150	1234557531.989805	12468.87012846098
19	T39	T190	25981398636.525085	238445.81598859004
19	T39	T78	25981398636.525085	238445.81598859004
19	T51	T49	126821806893.44405	287152.6948250847
19	T51	T66	126821806893.44405	287152.6948250847
19	T58	T183	71531710663.35112	307335.56212950824
19	T86	T61	365461342.67421997	30559.86614483207
19	T86	T8	365461342.67421997	30559.86614483207
19	T93	T144	1227734075.606339	31688.773397493518
19	T93	T7	1227734075.606339	31688.773397493518
20	T104	T176	25895037192.601543	366246.82280444616
20	T119	T200	755814310.8497903	51022.82498952997
20	T119	T80	755814310.8497903	51022.82498952997
20	T141	T56	506319991.31594276	7593.126439316499
20	T141	T58	506319991.31594276	7593.126439316499
20	T147	T137	64416586564.04353	382255.4171648025
20	T163	T54	158837974.10217044	11188.04512201363
20	T163	T92	158837974.10217044	11188.04512201363
20	T166	T35	27720273067.957386	384254.7494676387
20	T166	T63	27720273067.957386	384254.7494676387
20	T176	T145	3550245068.603386	3684.826535443349
20	T176	T2	3550245068.603386	3684.826535443349
20	T180	T131	32192577921.812263	376677.74008207186
20	T198	T181	26604690330.405804	377220.40237612446
20	T198	T194	26604690330.405804	377220.40237612446
20	T20	T163	1339026767.6798308	81149.33954812857
20	T46	T150	15083545854.605587	290030.74110312964
20	T46	T44	15083545854.605587	290030.74110312964
20	T62	T134	4589100269.025072	170223.42079680754
20	T77	T153	133411211728.94377	590350.5312991737
21	T116	T117	67027971280.43689	475542.14883699745
21	T124	T114	875309648.5920651	10058.722847911464
21	T124	T89	875309648.5920651	10058.722847911464
21	T184	T127	1917356358.8057907	42116.74893558398
21	T187	T38	57892767942.526665	664155.8977413322
21	T193	T170	818590948.9660842	51823.24884005741
21	T193	T183	818590948.9660842	51823.24884005741
21	T194	T70	1585381012.6607406	36115.27304524878
21	T194	T79	1585381012.6607406	36115.27304524878
21	T196	T121	68381740250.852806	571828.2768665457
21	T196	T95	68381740250.852806	571828.2768665457
21	T38	T192	295576208.6510016	28264.749210282873
21	T38	T37	295576208.6510016	28264.749210282873
21	T49	T88	22926827318.907173	361955.1268875217
21	T51	T113	146969229451.1275	810339.1135663199
21	T51	T123	146969229451.1275	810339.1135663199
21	T71	T26	29714480232.30238	392209.58491561766
21	T71	T77	29714480232.30238	392209.58491561766
21	T94	T193	1677200107.768593	42838.461781174534
21	T9	T184	39082761404.156845	498402.39039693255
22	T105	T199	717613534.2898613	12260.858114219638
22	T105	T52	717613534.2898613	12260.858114219638
22	T10	T171	1237736358.8565474	70993.9145649344
22	T10	T75	1237736358.8565474	70993.9145649344
22	T119	T159	16603357170.346893	265640.2341562268
22	T119	T62	16603357170.346893	265640.2341562268
22	T17	T86	47687097526.26721	265998.5306704412
22	T20	T106	34270638679.99259	465504.8926774482
22	T20	T14	34270638679.99259	465504.8926774482
22	T22	T108	21413655294.15248	293283.2945080149
22	T22	T68	21413655294.15248	293283.2945080149
22	T34	T138	1484035543.8617918	69037.55121140707
22	T34	T174	1484035543.8617918	69037.55121140707
22	T61	T167	1585042116.0149064	33200.34989021862
22	T61	T179	1585042116.0149064	33200.34989021862
22	T65	T28	750962655.0690194	15867.459308648315
22	T65	T59	750962655.0690194	15867.459308648315
22	T72	T67	55191848214.02511	297564.9165660099
22	T98	T60	20418572302.319016	314324.34756993386
22	T98	T76	20418572302.319016	314324.34756993386
23	T125	T52	28471953519.451855	380802.8872312846
23	T142	T117	360388050.7921076	7703.56592066772
23	T142	T4	360388050.7921076	7703.56592066772
23	T152	T87	1143890294.3228374	26745.315524305475
23	T154	T150	47770523339.028786	421920.5080450103
23	T154	T155	47770523339.028786	421920.5080450103
23	T166	T8	33009615354.06153	409675.7987903666
23	T166	T88	33009615354.06153	409675.7987903666
23	T184	T177	68521810840.57798	614693.8708726283
23	T184	T50	68521810840.57798	614693.8708726283
23	T188	T103	28958782162.580467	395754.08962852374
23	T188	T172	28958782162.580467	395754.08962852374
23	T190	T41	587944419.4260203	35006.34881896537
23	T190	T92	587944419.4260203	35006.34881896537
23	T33	T99	36626428382.24331	418186.8000504417
23	T34	T157	460780484.1126844	41891.05023812195
23	T34	T20	460780484.1126844	41891.05023812195
23	T76	T185	454913906.3099532	49485.75443565249
23	T76	T187	454913906.3099532	49485.75443565249
23	T87	T142	594424585.8053759	26105.811388888204
24	T115	T133	955775757.0002525	48064.97132559805
24	T115	T148	955775757.0002525	48064.97132559805
24	T121	T16	98048572228.48627	518656.5280858078
24	T121	T72	98048572228.48627	518656.5280858078
24	T123	T122	1711441465.622987	55537.346417303655
24	T123	T143	1711441465.622987	55537.346417303655
24	T146	T108	54295803672.8596	408338.3354678575
24	T146	T12	54295803672.8596	408338.3354678575
24	T24	T23	49544018048.904465	405524.43736632564
24	T24	T68	49544018048.904465	405524.43736632564
24	T26	T149	45536312773.06652	531020.9359746958
24	T26	T153	45536312773.06652	531020.9359746958
24	T27	T104	169957628128.52762	920759.4312698299
24	T27	T34	169957628128.52762	920759.4312698299
24	T33	T167	480997164.32058847	53215.5682693199
24	T33	T5	480997164.32058847	53215.5682693199
24	T39	T189	2917210275.208772	51089.284134426234
24	T39	T94	2917210275.208772	51089.284134426234
24	T97	T156	1162085692.9961045	50392.45411157941
24	T97	T41	1162085692.9961045	50392.45411157941
25	T112	T146	1321229850.1410463	9430.204149153697
25	T112	T80	1321229850.1410463	9430.204149153697
25	T128	T44	17522757719.060646	305889.8273037466
25	T128	T70	17522757719.060646	305889.8273037466
25	T135	T21	74372999787.60495	367107.765570732
25	T152	T191	789883499.2302876	62801.025197793395
25	T154	T18	25679956204.065895	367084.3256716952
25	T154	T195	25679956204.065895	367084.3256716952
25	T172	T122	241568955.18295217	6844.744574172766
25	T172	T4	241568955.18295217	6844.744574172766
25	T191	T31	114865189.75265278	5899.740628062602
25	T21	T43	20036155064.304955	288891.04626597394
25	T31	T136	71721182.76698752	19081.06323838762
25	T31	T85	71721182.76698752	19081.06323838762
25	T63	T141	88412337326.9905	448485.325886207
25	T63	T32	88412337326.9905	448485.325886207
25	T68	T168	413159292.2551689	22497.930895859852
25	T68	T20	413159292.2551689	22497.930895859852
25	T74	T149	49307572014.88472	318687.9604661838
25	T74	T186	49307572014.88472	318687.9604661838
26	T105	T191	2929380175.883224	7937.078717914568
26	T105	T30	2929380175.883224	7937.078717914568
26	T121	T108	133468196912.64926	785004.1113372796
26	T121	T1	133468196912.64926	785004.1113372796
26	T125	T4	2624784531.248538	67510.03755453535
26	T125	T46	2624784531.248538	67510.03755453535
26	T141	T68	60348066168.74876	487808.66097405454
26	T170	T11	241843087309.38507	1176955.946757685
26	T170	T88	241843087309.38507	1176955.946757685
26	T186	T185	45415727.382970855	9632.642374450877
26	T186	T65	45415727.382970855	9632.642374450877
26	T189	T184	1625740028.3547852	47359.480494954914
26	T189	T22	1625740028.3547852	47359.480494954914
26	T27	T111	99850881008.2266	599029.4310826559
26	T27	T164	99850881008.2266	599029.4310826559
26	T32	T47	2801959674.828536	31109.940577008187
26	T32	T58	2801959674.828536	31109.940577008187
26	T52	T76	54363159172.14596	413864.8777220989
26	T57	T113	137238200673.74399	933920.9235145091
26	T57	T98	137238200673.74399	933920.9235145091
27	T100	T80	78007072228.85574	618430.8953041534
27	T135	T148	65944937286.66235	595962.8003902524
27	T135	T151	65944937286.66235	595962.8003902524
27	T13	T50	101582266951.57977	525536.4484970979
27	T144	T61	37171668651.11923	395409.4707633397
27	T144	T62	37171668651.11923	395409.4707633397
27	T145	T136	1081367286.5110729	66991.64545682046
27	T145	T68	1081367286.5110729	66991.64545682046
27	T149	T145	1311252804.0535538	2565.9265119554047
27	T156	T26	1832137697.1398149	36782.784714149086
27	T182	T180	67325812079.52382	473676.3282755793
27	T182	T82	67325812079.52382	473676.3282755793
27	T30	T17	1776959326.7728677	52197.32331992851
27	T30	T193	1776959326.7728677	52197.32331992851
27	T42	T198	383462503.38920665	5011.664350557539
27	T42	T54	383462503.38920665	5011.664350557539
27	T83	T170	52993275657.32524	355861.07501680066
27	T83	T196	52993275657.32524	355861.07501680066
27	T87	T34	394572642.7104257	5703.975883717321
27	T87	T77	394572642.7104257	5703.975883717321
28	T122	T180	21538803951.33827	348647.17047057376
28	T125	T158	75362502840.20566	666808.0606004958
28	T125	T168	75362502840.20566	666808.0606004958
28	T13	T154	676130022.4527117	7552.326263480386
28	T13	T93	676130022.4527117	7552.326263480386
28	T140	T197	190461632.56065387	3944.832839763351
28	T140	T5	190461632.56065387	3944.832839763351
28	T155	T189	120315112411.478	778796.3698526272
28	T155	T7	120315112411.478	778796.3698526272
28	T175	T138	104499383230.67291	501017.01465011365
28	T176	T109	37715976397.702065	465536.44712137384
28	T176	T79	37715976397.702065	465536.44712137384
28	T181	T110	83300445721.6141	474348.4846245994
28	T181	T185	83300445721.6141	474348.4846245994
28	T193	T112	1190018007.2819595	34274.84909038554
28	T193	T188	1190018007.2819595	34274.84909038554
28	T34	T166	3343091581.044568	61918.99976610879
28	T34	T17	3343091581.044568	61918.99976610879
28	T88	T50	958173080.7117144	68585.26288206533
28	T88	T54	958173080.7117144	68585.26288206533
29	T110	T23	39375332428.878174	330137.7913081902
29	T110	T84	39375332428.878174	330137.7913081902
29	T117	T142	28955447485.48935	410564.22522596526
29	T117	T91	28955447485.48935	410564.22522596526
29	T122	T56	208023358.79413205	15823.962657229524
29	T122	T65	208023358.79413205	15823.962657229524
29	T188	T163	823064307.2517613	40909.68035426799
29	T188	T199	823064307.2517613	40909.68035426799
29	T18	T143	21740277510.637505	368338.71577353834
29	T18	T87	21740277510.637505	368338.71577353834
29	T27	T44	368930479.6973613	5001.687320525775
29	T27	T69	368930479.6973613	5001.687320525775
29	T29	T158	149198374.63854727	3630.2471693795324
29	T29	T96	149198374.63854727	3630.2471693795324
29	T43	T15	89128314.62617351	11698.888503834267
29	T43	T37	89128314.62617351	11698.888503834267
29	T86	T11	81864339212.76591	703628.0434085059
29	T92	T188	116222401628.69804	851320.6186810546
29	T9	T16	16998696441.979748	304340.2557688348
29	T9	T5	16998696441.979748	304340.2557688348
30	T109	T106	122961049578.751	761870.3124461453
30	T109	T185	122961049578.751	761870.3124461453
30	T117	T1	3127094732.4298844	93610.4065697248
30	T117	T161	3127094732.4298844	93610.4065697248
30	T121	T146	3247089490.518441	82612.32524434468
30	T121	T54	3247089490.518441	82612.32524434468
30	T125	T101	3554729271.1717253	117355.3341602986
30	T125	T6	3554729271.1717253	117355.3341602986
30	T132	T11	66284295232.747986	449776.4946548129
30	T132	T12	66284295232.747986	449776.4946548129
30	T137	T62	59978254644.629814	544079.3543496751
30	T143	T193	3560404808.889357	5745.60036345077
30	T143	T42	3560404808.889357	5745.60036345077
30	T39	T22	32864754444.54612	365184.2887792644
30	T55	T184	203414754.13576394	7305.5388913245515
30	T55	T34	203414754.13576394	7305.5388913245515
30	T75	T183	77550749012.37558	698475.5425013386
30	T75	T77	77550749012.37558	698475.5425013386
30	T79	T170	86225550759.9499	613606.3381954312
30	T79	T92	86225550759.9499	613606.3381954312
31	T120	T142	2681037899.350935	128504.26974952055
31	T120	T191	2681037899.350935	128504.26974952055
31	T132	T194	84561635389.43593	485098.0914348915
31	T137	T141	255436470189.63205	1247690.7671918178
31	T41	T178	43046648275.788925	396958.35925880255
31	T50	T59	141781558118.90396	957518.3528119157
31	T59	T112	1596598304.391297	70148.81931852277
31	T59	T60	1596598304.391297	70148.81931852277
31	T5	T123	166413535564.69238	945947.6376562096
31	T5	T158	166413535564.69238	945947.6376562096
31	T63	T146	1104234451.9814506	22152.811012739032
31	T63	T167	1104234451.9814506	22152.811012739032
31	T66	T15	135999752057.76836	875759.8036602383
31	T66	T160	135999752057.76836	875759.8036602383
31	T72	T25	1195274415.594209	3983.7210511371923
31	T72	T47	1195274415.594209	3983.7210511371923
31	T88	T199	1648452288.3132148	2676.32234827818
31	T88	T45	1648452288.3132148	2676.32234827818
31	T92	T150	57078213303.28999	580598.3765675473
31	T92	T67	57078213303.28999	580598.3765675473
32	T132	T13	1688012251.7755048	43404.971619759104
32	T132	T168	1688012251.7755048	43404.971619759104
32	T134	T194	108097445327.01111	587282.3899854383
32	T134	T68	108097445327.01111	587282.3899854383
32	T135	T143	160819329156.75583	840357.7324749412
32	T135	T153	160819329156.75583	840357.7324749412
32	T166	T109	5094446275.927895	83650.88374519187
32	T166	T55	5094446275.927895	83650.88374519187
32	T1	T100	75416248784.34944	553012.9617912065
32	T30	T10	6845073271.434367	172667.6934384837
32	T37	T172	44038988151.259766	403487.3303043214
32	T48	T118	6480757932.845041	148562.6042883627
32	T48	T67	6480757932.845041	148562.6042883627
32	T49	T149	4673631886.926919	18871.652896413674
32	T49	T96	4673631886.926919	18871.652896413674
32	T61	T132	2765838725.498585	24067.660576515525
32	T71	T169	222307569743.60474	843297.3598592739
32	T71	T70	222307569743.60474	843297.3598592739
32	T99	T14	31371411988.625816	412979.252236027
32	T99	T145	31371411988.625816	412979.252236027
33	T101	T85	76706654351.78287	279680.0343273172
33	T115	T135	342296813.75676394	26434.94956512593
33	T115	T20	342296813.75676394	26434.94956512593
33	T17	T2	76329867799.65927	306437.46420504444
33	T17	T55	76329867799.65927	306437.46420504444
33	T189	T58	35160213973.602325	363183.6990118362
33	T193	T87	149547830286.04904	1014317.5352343475
33	T200	T182	52585298.58329472	8165.655031478235
33	T200	T8	52585298.58329472	8165.655031478235
33	T22	T155	65064267904.83428	407805.4902299369
33	T35	T40	27548076522.674633	345265.2890016453
33	T35	T47	27548076522.674633	345265.2890016453
33	T43	T134	77713332823.30396	433703.9834960276
33	T43	T151	77713332823.30396	433703.9834960276
33	T46	T38	1364170853.7908208	2180.0921606078996
33	T46	T52	1364170853.7908208	2180.0921606078996
33	T87	T127	1274146156.2124503	22938.387768816407
33	T87	T44	1274146156.2124503	22938.387768816407
33	T96	T106	2162160980.29395	11169.902600843163
33	T96	T97	2162160980.29395	11169.902600843163
34	T128	T18	35371162.11995977	13066.817261010461
34	T128	T23	35371162.11995977	13066.817261010461
34	T129	T51	63076916992.00044	488475.7100228177
34	T129	T86	63076916992.00044	488475.7100228177
34	T134	T38	4208193802.6824226	160413.22100480975
34	T144	T141	114665926.12728369	14594.430247413715
34	T144	T173	114665926.12728369	14594.430247413715
34	T147	T191	132342483289.64697	887107.9649696456
34	T147	T77	132342483289.64697	887107.9649696456
34	T16	T128	59524756.65824346	4567.274993875871
34	T200	T168	129472735237.64091	708703.1182841441
34	T200	T49	129472735237.64091	708703.1182841441
34	T40	T14	4179673398.1392508	45735.833628765686
34	T40	T89	4179673398.1392508	45735.833628765686
34	T71	T32	198857514683.27304	823244.6211304356
34	T71	T6	198857514683.27304	823244.6211304356
34	T93	T131	31820143801.851387	419152.5059168721
34	T93	T179	31820143801.851387	419152.5059168721
34	T95	T153	986965390.3564589	74711.58290839488
34	T95	T21	986965390.3564589	74711.58290839488
35	T102	T24	45542708141.00547	365422.7454968711
35	T102	T54	45542708141.00547	365422.7454968711
35	T116	T184	840428365.9835722	14973.053514329411
35	T116	T68	840428365.9835722	14973.053514329411
35	T150	T151	3319703140.5148315	103229.50860900707
35	T150	T72	3319703140.5148315	103229.50860900707
35	T171	T183	20687231283.709587	368544.65649790474
35	T171	T87	20687231283.709587	368544.65649790474
35	T191	T105	3559683005.7210894	12407.17005243048
35	T191	T161	3559683005.7210894	12407.17005243048
35	T197	T134	3198086592.931357	18653.241249423376
35	T197	T58	3198086592.931357	18653.241249423376
35	T199	T131	31889636860.720642	369145.9335907584
35	T199	T4	31889636860.720642	369145.9335907584
35	T43	T147	47043316833.39356	535627.1818076654
35	T43	T49	47043316833.39356	535627.1818076654
35	T83	T30	3962321672.954516	8127.5836484688
35	T83	T36	3962321672.954516	8127.5836484688
35	T84	T118	99677313948.80437	688948.5277254758
35	T84	T22	99677313948.80437	688948.5277254758
36	T101	T129	463495271.1941589	37492.21359954411
36	T101	T165	463495271.1941589	37492.21359954411
36	T111	T15	109778403147.00992	661421.7427138968
36	T111	T16	109778403147.00992	661421.7427138968
36	T126	T3	247565683425.6861	1016963.1651284752
36	T126	T86	247565683425.6861	1016963.1651284752
36	T151	T101	765694323.5735149	16819.398358120663
36	T152	T161	55498999488.55031	596815.1011124045
36	T152	T194	55498999488.55031	596815.1011124045
36	T154	T44	37478042525.904366	450502.753374599
36	T168	T127	131015655066.96114	808953.6354114187
36	T168	T87	131015655066.96114	808953.6354114187
36	T178	T143	534119935.8274401	50595.12144656319
36	T178	T51	534119935.8274401	50595.12144656319
36	T39	T178	721420418.2438017	16986.782599355225
36	T64	T100	44415327235.15918	500613.90096185106
36	T82	T35	187109397.763245	6331.931202669053
36	T82	T94	187109397.763245	6331.931202669053
36	T9	T181	15096436.545181971	4709.935959693311
36	T9	T88	15096436.545181971	4709.935959693311
37	T106	T36	855275566.9533075	15051.939133994207
37	T124	T166	963723209.9076309	12670.451424458046
37	T124	T184	963723209.9076309	12670.451424458046
37	T155	T136	558288108037.841	1720545.6541643143
37	T155	T157	558288108037.841	1720545.6541643143
37	T160	T13	684666420.4003808	19468.819124784728
37	T160	T156	684666420.4003808	19468.819124784728
37	T161	T97	61457346455.84977	290776.4655077077
37	T197	T117	15971068224.046051	293162.83136521326
37	T197	T78	15971068224.046051	293162.83136521326
37	T36	T150	793709789.7524164	3921.87794041703
37	T36	T28	793709789.7524164	3921.87794041703
37	T44	T25	398742299.48973686	333.0623616348491
37	T44	T38	398742299.48973686	333.0623616348491
37	T52	T160	839343749.0269382	9100.934758133979
37	T57	T169	45432169570.54484	393789.98247922206
37	T63	T96	48468882244.90172	243415.37771522507
37	T77	T10	41402948976.27444	283841.96846609085
37	T95	T17	115414937050.57812	367099.4708448808
37	T95	T60	115414937050.57812	367099.4708448808
38	T112	T185	856551541.9620879	1859.2699417672152
38	T112	T60	856551541.9620879	1859.2699417672152
38	T127	T198	3945470401.816569	68902.09585595924
38	T135	T170	103830828426.18477	606762.0256727958
38	T135	T19	103830828426.18477	606762.0256727958
38	T171	T193	68008154688.12286	542239.7248040801
38	T171	T38	68008154688.12286	542239.7248040801
38	T199	T162	70134202418.53087	472745.8876470467
38	T199	T21	70134202418.53087	472745.8876470467
38	T34	T142	161858097498.29822	965161.7988333195
38	T34	T98	161858097498.29822	965161.7988333195
38	T57	T2	3528526321.3857245	34906.63629858756
38	T57	T49	3528526321.3857245	34906.63629858756
38	T64	T112	2851000511.2843776	102754.48111503727
38	T67	T131	79533640.385164	6889.589236022378
38	T67	T14	79533640.385164	6889.589236022378
38	T82	T110	87547838896.46156	741332.0904815436
38	T82	T31	87547838896.46156	741332.0904815436
38	T85	T100	760903555.650382	11554.951304129201
38	T85	T102	760903555.650382	11554.951304129201
39	T117	T126	24070002.5410391	854.1127759256879
39	T117	T174	24070002.5410391	854.1127759256879
39	T119	T142	4106617344.7677336	23474.04422350729
39	T119	T3	4106617344.7677336	23474.04422350729
39	T155	T14	195762908937.4675	549701.3960353867
39	T161	T191	3372400065.027016	65748.74364863274
39	T161	T197	3372400065.027016	65748.74364863274
39	T183	T199	135112000444.82552	801256.0252531876
39	T183	T47	135112000444.82552	801256.0252531876
39	T20	T154	87541338724.12923	756797.0343579488
39	T20	T53	87541338724.12923	756797.0343579488
39	T21	T149	77919713569.50229	592853.5781590628
39	T21	T52	77919713569.50229	592853.5781590628
39	T30	T101	473551462.96757746	49846.52451634384
39	T30	T133	473551462.96757746	49846.52451634384
39	T44	T190	3502163610.86049	87564.84611305008
39	T44	T96	3502163610.86049	87564.84611305008
39	T6	T95	66401230074.07163	425038.71773547935
39	T82	T58	75581172933.77657	657439.8152440673
39	T82	T87	75581172933.77657	657439.8152440673
40	T110	T132	3007876851.7842603	95714.50799923051
40	T110	T51	3007876851.7842603	95714.50799923051
40	T125	T122	2872325969.7943206	122275.0049146942
40	T125	T17	2872325969.7943206	122275.0049146942
40	T145	T30	75655977274.57529	656129.1488155395
40	T145	T49	75655977274.57529	656129.1488155395
40	T147	T171	1618962726.2817147	20681.752487199614
40	T149	T61	190632468897.34183	757750.5362621099
40	T14	T158	4135914747.2465105	24505.55315776385
40	T171	T24	1427042738.167109	13138.392206750652
40	T171	T89	1427042738.167109	13138.392206750652
40	T189	T15	51302754803.90371	499249.71641037613
40	T189	T45	51302754803.90371	499249.71641037613
40	T192	T119	1058532173.9612601	32884.44625979893
40	T192	T175	1058532173.9612601	32884.44625979893
40	T37	T44	53047151074.729485	580508.5829514946
40	T37	T88	53047151074.729485	580508.5829514946
40	T39	T192	60500787115.023766	602926.0673637044
40	T74	T26	78287192190.45439	498869.56538024044
40	T74	T98	78287192190.45439	498869.56538024044
41	T102	T164	112145470060.72697	626310.774040583
41	T102	T50	112145470060.72697	626310.774040583
41	T148	T199	757915592.1586657	37451.3290354513
41	T148	T8	757915592.1586657	37451.3290354513
41	T150	T132	1242039969.152462	12596.977485857346
41	T150	T183	1242039969.152462	12596.977485857346
41	T154	T100	673874604.2444751	5452.872874336819
41	T154	T157	673874604.2444751	5452.872874336819
41	T31	T133	61626136597.975365	623631.1678192936
41	T31	T17	61626136597.975365	623631.1678192936
41	T42	T125	858146195.4478943	37143.940693205455
41	T42	T32	858146195.4478943	37143.940693205455
41	T53	T189	72495919279.43932	508520.01712247997
41	T53	T19	72495919279.43932	508520.01712247997
41	T62	T51	77728135920.25243	366283.7400702102
41	T62	T52	77728135920.25243	366283.7400702102
41	T75	T126	2075581346.6472068	15504.412732385474
41	T75	T69	2075581346.6472068	15504.412732385474
41	T9	T14	51152629392.50346	416818.121179309
41	T9	T167	51152629392.50346	416818.121179309
42	T110	T164	65376634498.89489	687565.1772579178
42	T119	T134	309036200346.52124	1260641.9338671141
42	T119	T166	309036200346.52124	1260641.9338671141
42	T130	T47	1529188792.4867473	90652.37991014676
42	T130	T62	1529188792.4867473	90652.37991014676
42	T157	T186	38524070618.62873	222179.01348136165
42	T164	T107	837602858.9098222	27598.569390455556
42	T164	T150	837602858.9098222	27598.569390455556
42	T169	T170	31404821253.821434	342877.6713671314
42	T169	T28	31404821253.821434	342877.6713671314
42	T40	T19	39805143564.51616	424857.6128570624
42	T40	T34	39805143564.51616	424857.6128570624
42	T5	T100	1423295999.6892424	38997.62886741491
42	T5	T42	1423295999.6892424	38997.62886741491
42	T61	T20	2222667277.4775643	73748.92565814182
42	T61	T25	2222667277.4775643	73748.92565814182
42	T66	T141	1261431240.8544087	28981.66376021677
42	T66	T55	1261431240.8544087	28981.66376021677
42	T6	T116	99083603933.38193	342205.94874898094
42	T6	T2	99083603933.38193	342205.94874898094
43	T102	T137	69710357.76361643	17176.409925050895
43	T102	T26	69710357.76361643	17176.409925050895
43	T123	T1	1889059733.5032737	40412.308866422325
43	T123	T154	1889059733.5032737	40412.308866422325
43	T177	T57	1558385025.6641169	35779.08768284664
43	T177	T76	1558385025.6641169	35779.08768284664
43	T184	T13	711058888.8971622	39277.13072716192
43	T184	T45	711058888.8971622	39277.13072716192
43	T24	T174	77589511692.7024	490387.2536109338
43	T24	T5	77589511692.7024	490387.2536109338
43	T30	T136	44763637206.51511	409686.86531743756
43	T30	T198	44763637206.51511	409686.86531743756
43	T31	T15	91330565787.25488	412274.08617137786
43	T31	T28	91330565787.25488	412274.08617137786
43	T51	T3	90185360688.03683	442469.88216397417
43	T51	T82	90185360688.03683	442469.88216397417
43	T65	T111	39651887599.90578	496802.7305580438
43	T65	T178	39651887599.90578	496802.7305580438
43	T9	T149	2427417110.1296773	42999.992240631924
43	T9	T71	2427417110.1296773	42999.992240631924
44	T16	T40	1353278486.4679027	79268.89540010679
44	T16	T58	1353278486.4679027	79268.89540010679
44	T187	T69	28648041075.932365	401549.5465841081
44	T18	T12	52948556128.47617	544949.7805994725
44	T18	T27	52948556128.47617	544949.7805994725
44	T194	T126	223174331.73702383	5105.096622056626
44	T194	T46	223174331.73702383	5105.096622056626
44	T195	T138	57853520466.26383	276410.0445007166
44	T24	T194	871521571.3872248	57618.44367257469
44	T26	T87	660302655.7039509	27312.570780212347
44	T26	T9	660302655.7039509	27312.570780212347
44	T3	T119	26177222632.285576	374469.81583127804
44	T3	T89	26177222632.285576	374469.81583127804
44	T50	T102	1029385734.2553383	31684.097004230473
44	T50	T73	1029385734.2553383	31684.097004230473
44	T56	T107	74908538038.92007	613635.2762085046
44	T59	T48	31470400186.383423	355874.4149071373
44	T59	T76	31470400186.383423	355874.4149071373
44	T74	T59	103598093081.75645	489536.0270890455
44	T81	T108	1582577645.1876402	21750.056792236977
45	T116	T134	1186593809.469211	4617.928296466016
45	T116	T94	1186593809.469211	4617.928296466016
45	T130	T171	45261574606.00085	502513.98777587945
45	T130	T47	45261574606.00085	502513.98777587945
45	T153	T58	54097158484.4778	514093.23848875804
45	T153	T95	54097158484.4778	514093.23848875804
45	T160	T190	90086813.00945386	6488.491906091248
45	T160	T98	90086813.00945386	6488.491906091248
45	T167	T1	1048396480.3540611	22120.530271851374
45	T167	T87	1048396480.3540611	22120.530271851374
45	T188	T182	271280564758.1065	1231126.9460328857
45	T188	T184	271280564758.1065	1231126.9460328857
45	T196	T166	1354129556.2794964	56046.22499790738
45	T199	T9	34025501968.334908	384147.0176351516
45	T28	T69	58955552117.33949	582971.4705539586
45	T32	T160	798863101.4894695	64391.50644816443
45	T49	T15	52049309246.27995	453995.28757999174
45	T49	T66	52049309246.27995	453995.28757999174
45	T5	T137	1024946640.6903551	76038.94348205213
45	T5	T181	1024946640.6903551	76038.94348205213
46	T100	T159	2446462232.389494	8682.754421313603
46	T123	T194	53923612448.12462	532674.5120597595
46	T123	T69	53923612448.12462	532674.5120597595
46	T147	T55	4110397303.177396	65302.14057355979
46	T153	T165	102507458668.71556	624101.0165702967
46	T153	T78	102507458668.71556	624101.0165702967
46	T159	T139	2077522382.7368977	95913.8452233804
46	T159	T176	2077522382.7368977	95913.8452233804
46	T192	T61	3399871280.120843	39131.789833186325
46	T192	T87	3399871280.120843	39131.789833186325
46	T43	T142	96491500489.75209	493644.46117001947
46	T43	T16	96491500489.75209	493644.46117001947
46	T44	T115	3976238956.748477	48252.29817190358
46	T44	T122	3976238956.748477	48252.29817190358
46	T49	T135	63286356206.4699	603553.1808784005
46	T54	T119	795328188.2826362	32649.85643576095
46	T54	T26	795328188.2826362	32649.85643576095
46	T67	T53	92283195128.87286	649696.6327679236
46	T83	T150	55439814447.10856	510239.7566265884
46	T83	T72	55439814447.10856	510239.7566265884
47	T129	T171	67446310914.798874	408778.6697665581
47	T13	T165	617056267.9860123	3871.351723610506
47	T14	T149	26422820899.294426	402967.86186525295
47	T150	T78	2982608814.279737	47710.2103873944
47	T150	T89	2982608814.279737	47710.2103873944
47	T15	T27	3484474004.2959085	111878.1428720909
47	T15	T88	3484474004.2959085	111878.1428720909
47	T165	T175	579516218.7629793	11030.18891834309
47	T170	T146	43377309900.5628	415883.3632398908
47	T170	T84	43377309900.5628	415883.3632398908
47	T175	T139	539623997.8326668	13827.145940005874
47	T175	T189	539623997.8326668	13827.145940005874
47	T193	T35	150787002.15148515	15738.859321493597
47	T193	T5	150787002.15148515	15738.859321493597
47	T1	T130	43116949196.00031	472877.392124669
47	T1	T182	43116949196.00031	472877.392124669
47	T69	T133	50648703957.172226	533021.784829022
47	T69	T77	50648703957.172226	533021.784829022
47	T92	T153	39347229286.272736	504833.78203939163
47	T92	T99	39347229286.272736	504833.78203939163
48	T101	T20	52435567.63355538	14629.005824484477
48	T101	T41	52435567.63355538	14629.005824484477
48	T11	T18	993221030.9567711	18640.352864257275
48	T11	T72	993221030.9567711	18640.352864257275
48	T138	T119	287352045.046177	30354.858627551588
48	T138	T131	287352045.046177	30354.858627551588
48	T139	T103	111532418.69740567	5488.063611267368
48	T139	T49	111532418.69740567	5488.063611267368
48	T164	T39	124319820847.23767	501818.309046611
48	T164	T55	124319820847.23767	501818.309046611
48	T56	T65	57759218.48186954	10720.893289516753
48	T56	T81	57759218.48186954	10720.893289516753
48	T59	T102	56399807189.05781	605944.762895078
48	T73	T145	84941723451.89731	441113.2081001232
48	T73	T16	84941723451.89731	441113.2081001232
48	T80	T34	30372570419.63039	370008.00644920964
48	T85	T12	150493396015.5963	944991.9041661856
48	T85	T46	150493396015.5963	944991.9041661856
48	T87	T67	68059450660.07986	356939.22030214826
48	T87	T99	68059450660.07986	356939.22030214826
49	T10	T69	24645241732.316082	272123.10611302115
49	T114	T13	17759358001.157047	294962.9614243764
49	T13	T32	2159870564.384782	51934.93299562896
49	T13	T53	2159870564.384782	51934.93299562896
49	T15	T113	1492028292.8357904	64422.272068622835
49	T15	T7	1492028292.8357904	64422.272068622835
49	T199	T36	45056983692.493904	333142.85561714886
49	T199	T86	45056983692.493904	333142.85561714886
49	T5	T147	47250319186.72783	485717.34072888305
49	T5	T95	47250319186.72783	485717.34072888305
49	T62	T15	2064894748.2866833	6607.464189384616
49	T70	T120	511746937.27368295	36835.35126656303
49	T70	T178	511746937.27368295	36835.35126656303
49	T76	T21	1323035808.5954704	77152.98594110527
49	T76	T77	1323035808.5954704	77152.98594110527
49	T87	T111	162370593479.82816	727096.5786796052
49	T87	T149	162370593479.82816	727096.5786796052
49	T90	T70	835402613.4887908	2341.5133714401354
49	T97	T130	165175519248.28894	988050.9744891919
49	T97	T194	165175519248.28894	988050.9744891919
50	T126	T123	50653213870.51729	544829.6202677073
50	T126	T77	50653213870.51729	544829.6202677073
50	T152	T169	94397236833.18904	761366.995441058
50	T152	T83	94397236833.18904	761366.995441058
50	T163	T100	1825047326.425593	72066.34509927766
50	T163	T51	1825047326.425593	72066.34509927766
50	T172	T142	124214578630.33098	608611.5357540975
50	T172	T57	124214578630.33098	608611.5357540975
50	T196	T151	2669385625.1257734	110428.23663203548
50	T196	T9	2669385625.1257734	110428.23663203548
50	T33	T193	2954000480.3262205	104560.71806249165
50	T33	T86	2954000480.3262205	104560.71806249165
50	T47	T191	2901729746.2479906	3515.037131352428
50	T47	T52	2901729746.2479906	3515.037131352428
50	T87	T149	160779951039.50937	941688.8925560744
50	T87	T176	160779951039.50937	941688.8925560744
50	T88	T104	69345968989.67732	624421.0174893958
50	T88	T162	69345968989.67732	624421.0174893958
50	T99	T144	696314399.0952829	65234.67790461691
50	T99	T157	696314399.0952829	65234.67790461691
